id,company,country,track,title,url,publish_date,authors,in_scope,scope_reason
lc-r-a-chunk-by-any-other-name,langchain,USA,research,A Chunk by Any Other Name: Structured Text Splitting and Metadata-enhanced RAG,https://www.langchain.com/blog/a-chunk-by-any-other-name,2023-10-18,LangChain,TRUE,
lc-r-access-control-updates-for-langsmith,langchain,USA,research,Role Based Access Control (RBAC) for LangSmith,https://www.langchain.com/blog/access-control-updates-for-langsmith,2024-05-08,LangChain,TRUE,
lc-r-adding-long-term-memory-to-opengpts,langchain,USA,research,Adding Long Term Memory to OpenGPTs,https://www.langchain.com/blog/adding-long-term-memory-to-opengpts,2023-11-29,LangChain,TRUE,
lc-r-agent-authorization-explainer,langchain,USA,research,Securing your agents with authentication and authorization,https://www.langchain.com/blog/agent-authorization-explainer,2025-10-13,LangChain,TRUE,
lc-r-agent-engineering-a-new-discipline,langchain,USA,research,Agent Engineering: A New Discipline,https://www.langchain.com/blog/agent-engineering-a-new-discipline,2025-12-09,LangChain,TRUE,
lc-r-agent-evaluation-readiness-checklist,langchain,USA,research,Agent Evaluation Readiness Checklist,https://www.langchain.com/blog/agent-evaluation-readiness-checklist,2026-03-27,LangChain,TRUE,
lc-r-agent-frameworks-runtimes-and-harnesses-oh-my,langchain,USA,research,"Agent Frameworks, Runtimes, and Harnesses- oh my!",https://www.langchain.com/blog/agent-frameworks-runtimes-and-harnesses-oh-my,2025-10-25,LangChain,TRUE,
lc-r-agent-middleware,langchain,USA,research,Agent Middleware,https://www.langchain.com/blog/agent-middleware,2025-09-08,LangChain,TRUE,
lc-r-agent-observability-powers-agent-evaluation,langchain,USA,research,Agent Observability Powers Agent Evaluation,https://www.langchain.com/blog/agent-observability-powers-agent-evaluation,2026-02-21,LangChain,TRUE,
lc-r-agent-protocol-interoperability-for-llm-agents,langchain,USA,research,Agent Protocol: Interoperability for LLM agents,https://www.langchain.com/blog/agent-protocol-interoperability-for-llm-agents,2024-11-19,LangChain,TRUE,
lc-r-agent-toolkits,langchain,USA,research,Agent Toolkits,https://www.langchain.com/blog/agent-toolkits,2023-03-01,LangChain,TRUE,
lc-r-agentic-rag-with-langgraph,langchain,USA,research,Self-Reflective RAG with LangGraph,https://www.langchain.com/blog/agentic-rag-with-langgraph,2024-02-07,LangChain,TRUE,
lc-r-agents-round,langchain,USA,research,Autonomous Agents & Agent Simulations,https://www.langchain.com/blog/agents-round,2023-04-18,LangChain,TRUE,
lc-r-ai-powered-medical-knowledge,langchain,USA,research,AI-Powered Medical Knowledge: Revolutionizing Care for Rare Conditions,https://www.langchain.com/blog/ai-powered-medical-knowledge,2023-04-17,LangChain,TRUE,
lc-r-aligning-llm-as-a-judge-with-human-preferences,langchain,USA,research,Aligning LLM-as-a-Judge with Human Preferences,https://www.langchain.com/blog/aligning-llm-as-a-judge-with-human-preferences,2024-06-26,LangChain,TRUE,
lc-r-ally-financial-collaborates-with-langchain-to-deliver-critical-coding-module-to-mask-personal-identifying-information-in-a-compliant-and-safe-manner,langchain,USA,research,Ally Financial Collaborates with LangChain to Deliver Critical Coding Module to Mask Personal Identifying Information in a Compliant and Safe Manner,https://www.langchain.com/blog/ally-financial-collaborates-with-langchain-to-deliver-critical-coding-module-to-mask-personal-identifying-information-in-a-compliant-and-safe-manner,2024-01-11,LangChain,TRUE,
lc-r-announcing-data-annotation-queue,langchain,USA,research,Announcing Data Annotation Queues,https://www.langchain.com/blog/announcing-data-annotation-queue,2023-10-26,LangChain,TRUE,
lc-r-announcing-langchain-v0-3,langchain,USA,research,Announcing LangChain v0.3,https://www.langchain.com/blog/announcing-langchain-v0-3,2024-09-16,LangChain,TRUE,
lc-r-announcing-langsmith,langchain,USA,research,"Announcing LangSmith, a unified platform for debugging, testing, evaluating, and monitoring your LLM applications",https://www.langchain.com/blog/announcing-langsmith,2023-07-18,LangChain,TRUE,
lc-r-announcing-langsmith-is-now-a-transactable-offering-in-the-azure-marketplace,langchain,USA,research,Announcing LangSmith is now a transactable offering in the Azure Marketplace,https://www.langchain.com/blog/announcing-langsmith-is-now-a-transactable-offering-in-the-azure-marketplace,2024-04-24,LangChain,TRUE,
lc-r-announcing-our-10m-seed-round-led-by-benchmark,langchain,USA,research,Announcing our $10M seed round led by Benchmark,https://www.langchain.com/blog/announcing-our-10m-seed-round-led-by-benchmark,2023-04-04,LangChain,TRUE,
lc-r-announcing-the-langchain-mongodb-partnership-the-ai-agent-stack-that-runs-on-the-database-you-already-trust,langchain,USA,research,Announcing the LangChain + MongoDB Partnership: The AI Agent Stack That Runs On The Database You Already Trust,https://www.langchain.com/blog/announcing-the-langchain-mongodb-partnership-the-ai-agent-stack-that-runs-on-the-database-you-already-trust,2026-03-31,LangChain,TRUE,
lc-r-applying-openai-rag,langchain,USA,research,Applying OpenAI's RAG Strategies,https://www.langchain.com/blog/applying-openai-rag,2023-11-17,LangChain,TRUE,
lc-r-arcade-dev-tools-now-in-langsmith-fleet,langchain,USA,research,Arcade.dev tools now in LangSmith Fleet,https://www.langchain.com/blog/arcade-dev-tools-now-in-langsmith-fleet,2026-04-07,LangChain,TRUE,
lc-r-assistant-ui,langchain,USA,research,Build stateful conversational AI agents with LangGraph and assistant-ui,https://www.langchain.com/blog/assistant-ui,2024-09-11,LangChain,TRUE,
lc-r-asssistant-editor,langchain,USA,research,Introducing Assistant Editor for configuring agents in LangGraph Studio,https://www.langchain.com/blog/asssistant-editor,2024-09-25,LangChain,TRUE,
lc-r-async-api,langchain,USA,research,Async Support in LangChain,https://www.langchain.com/blog/async-api,2023-02-08,LangChain,TRUE,
lc-r-auto-eval-of-question-answering-tasks,langchain,USA,research,Auto-Eval of Question-Answering Tasks,https://www.langchain.com/blog/auto-eval-of-question-answering-tasks,2023-04-15,LangChain,TRUE,
lc-r-auto-evaluation-of-anthropic-100k-context-window,langchain,USA,research,Auto-Evaluation of Anthropic 100k Context Window,https://www.langchain.com/blog/auto-evaluation-of-anthropic-100k-context-window,2023-05-16,LangChain,TRUE,
lc-r-auto-evaluator-opportunities,langchain,USA,research,Auto-Evaluator Opportunities,https://www.langchain.com/blog/auto-evaluator-opportunities,2023-05-01,LangChain,TRUE,
lc-r-automating-web-research,langchain,USA,research,Automating Web Research,https://www.langchain.com/blog/automating-web-research,2023-07-26,LangChain,TRUE,
lc-r-autonomous-context-compression,langchain,USA,research,Autonomous context compression,https://www.langchain.com/blog/autonomous-context-compression,2026-03-11,LangChain,TRUE,
lc-r-aws-marketplace-july-2025-announce,langchain,USA,research,LangSmith and LangGraph Platform are now available in AWS Marketplace,https://www.langchain.com/blog/aws-marketplace-july-2025-announce,2025-07-16,LangChain,TRUE,
lc-r-bcg-x-releases-agentkit-a-full-stack-starter-kit-for-building-constrained-agents,langchain,USA,research,"BCG X Releases AgentKit, a Full-Stack Starter Kit for Building Constrained Agents",https://www.langchain.com/blog/bcg-x-releases-agentkit-a-full-stack-starter-kit-for-building-constrained-agents,2024-02-12,LangChain,TRUE,
lc-r-benchmarking-agent-tool-use,langchain,USA,research,Benchmarking Agent Tool Use,https://www.langchain.com/blog/benchmarking-agent-tool-use,2023-12-19,LangChain,TRUE,
lc-r-benchmarking-multi-agent-architectures,langchain,USA,research,Benchmarking Multi-Agent Architectures,https://www.langchain.com/blog/benchmarking-multi-agent-architectures,2025-06-10,LangChain,TRUE,
lc-r-benchmarking-question-answering-over-csv-data,langchain,USA,research,Benchmarking Question/Answering Over CSV Data,https://www.langchain.com/blog/benchmarking-question-answering-over-csv-data,2023-08-14,LangChain,TRUE,
lc-r-benchmarking-rag-on-tables,langchain,USA,research,Benchmarking RAG on tables,https://www.langchain.com/blog/benchmarking-rag-on-tables,2023-12-13,LangChain,TRUE,
lc-r-better-harness-a-recipe-for-harness-hill-climbing-with-evals,langchain,USA,research,Better Harness: A Recipe for Harness Hill-Climbing with Evals,https://www.langchain.com/blog/better-harness-a-recipe-for-harness-hill-climbing-with-evals,2026-04-08,LangChain,TRUE,
lc-r-beyond-rag-implementing-agent-search-with-langgraph-for-smarter-knowledge-retrieval,langchain,USA,research,Beyond RAG: Implementing Agent Search with LangGraph for Smarter Knowledge Retrieval,https://www.langchain.com/blog/beyond-rag-implementing-agent-search-with-langgraph-for-smarter-knowledge-retrieval,2025-02-22,LangChain,TRUE,
lc-r-beyond-text-making-genai-applications-accessible-to-all,langchain,USA,research,Beyond Text: Making GenAI Applications Accessible to All,https://www.langchain.com/blog/beyond-text-making-genai-applications-accessible-to-all,2023-10-23,LangChain,TRUE,
lc-r-bringing-free-oss-models-to-the-playground-with-fireworks-ai,langchain,USA,research,Bringing Free OSS Models to the Playground with Fireworks AI,https://www.langchain.com/blog/bringing-free-oss-models-to-the-playground-with-fireworks-ai,2023-10-02,LangChain,TRUE,
lc-r-building-chat-langchain-2,langchain,USA,research,Building Chat LangChain,https://www.langchain.com/blog/building-chat-langchain-2,2023-09-27,LangChain,TRUE,
lc-r-building-langgraph,langchain,USA,research,Building LangGraph: Designing an Agent Runtime from first principles,https://www.langchain.com/blog/building-langgraph,2025-09-04,LangChain,TRUE,
lc-r-building-llm-powered-web-apps-with-client-side-technology,langchain,USA,research,Building LLM-Powered Web Apps with Client-Side Technology,https://www.langchain.com/blog/building-llm-powered-web-apps-with-client-side-technology,2023-10-13,LangChain,TRUE,
lc-r-building-multi-agent-applications-with-deep-agents,langchain,USA,research,Building Multi-Agent Applications with Deep Agents,https://www.langchain.com/blog/building-multi-agent-applications-with-deep-agents,2026-01-21,LangChain,TRUE,
lc-r-callbacks,langchain,USA,research,Callbacks Improvements,https://www.langchain.com/blog/callbacks,2023-05-01,LangChain,TRUE,
lc-r-captide,langchain,USA,research,How Captide agents running on LangGraph Platform compress investment research from days to seconds,https://www.langchain.com/blog/captide,2025-06-24,LangChain,TRUE,
lc-r-chat-loaders-finetune-a-chatmodel-in-your-voice,langchain,USA,research,Chat Loaders: Fine-tune a ChatModel in your Voice,https://www.langchain.com/blog/chat-loaders-finetune-a-chatmodel-in-your-voice,2023-08-25,LangChain,TRUE,
lc-r-chat-models,langchain,USA,research,Chat Models,https://www.langchain.com/blog/chat-models,2023-03-06,LangChain,TRUE,
lc-r-chat-with-your-data-using-openai-pinecone-airbyte-langchain,langchain,USA,research,"Chat with your data using OpenAI, Pinecone, Airbyte and Langchain",https://www.langchain.com/blog/chat-with-your-data-using-openai-pinecone-airbyte-langchain,2023-08-08,LangChain,TRUE,
lc-r-chat-your-data-challenge,langchain,USA,research,Chat-Your-Data Challenge,https://www.langchain.com/blog/chat-your-data-challenge,2023-02-06,LangChain,TRUE,
lc-r-chat-your-data-submissions,langchain,USA,research,Chat-Your-Data Submissions,https://www.langchain.com/blog/chat-your-data-submissions,2023-02-13,LangChain,TRUE,
lc-r-chatopensource-x-langchain-the-future-is-fine-tuning-2,langchain,USA,research,Boost Your Bottom Line and Performance: OpenAI’s 3.5T Fine-Tuning with LangSmith,https://www.langchain.com/blog/chatopensource-x-langchain-the-future-is-fine-tuning-2,2023-08-29,LangChain,TRUE,
lc-r-choosing-the-right-multi-agent-architecture,langchain,USA,research,Choosing the Right Multi-Agent Architecture,https://www.langchain.com/blog/choosing-the-right-multi-agent-architecture,2026-01-14,LangChain,TRUE,
lc-r-cisco-outshift,langchain,USA,research,How Outshift by Cisco achieved a 10x productivity boost with their Agentic AI Platform Engineer,https://www.langchain.com/blog/cisco-outshift,2025-05-04,LangChain,TRUE,
lc-r-code-execution-with-langgraph,langchain,USA,research,LangGraph for Code Generation,https://www.langchain.com/blog/code-execution-with-langgraph,2024-02-27,LangChain,TRUE,
lc-r-code-interpreter-api,langchain,USA,research,Code Interpreter API,https://www.langchain.com/blog/code-interpreter-api,2023-07-16,LangChain,TRUE,
lc-r-command-a-new-tool-for-multi-agent-architectures-in-langgraph,langchain,USA,research,Command: A new tool for building multi-agent architectures in LangGraph,https://www.langchain.com/blog/command-a-new-tool-for-multi-agent-architectures-in-langgraph,2024-12-10,LangChain,TRUE,
lc-r-communication-is-all-you-need,langchain,USA,research,Communication is all you need,https://www.langchain.com/blog/communication-is-all-you-need,2024-10-26,LangChain,TRUE,
lc-r-composio-swekit,langchain,USA,research,Composio’s SWE agent advances open-source on SweBench with a 48.6% score using LangGraph and LangSmith,https://www.langchain.com/blog/composio-swekit,2024-11-11,LangChain,TRUE,
lc-r-constructing-knowledge-graphs-from-text-using-openai-functions,langchain,USA,research,Constructing knowledge graphs from text using OpenAI functions: Leveraging knowledge graphs to power LangChain Applications,https://www.langchain.com/blog/constructing-knowledge-graphs-from-text-using-openai-functions,2023-10-19,LangChain,TRUE,
lc-r-context-engineering-for-agents,langchain,USA,research,Context Engineering,https://www.langchain.com/blog/context-engineering-for-agents,2025-07-02,LangChain,TRUE,
lc-r-context-management-for-deepagents,langchain,USA,research,Context Management for Deep Agents,https://www.langchain.com/blog/context-management-for-deepagents,2026-01-28,LangChain,TRUE,
lc-r-continual-learning-for-ai-agents,langchain,USA,research,Continual learning for AI agents,https://www.langchain.com/blog/continual-learning-for-ai-agents,2026-04-05,LangChain,TRUE,
lc-r-conversational-retrieval-agents,langchain,USA,research,Conversational Retrieval Agents,https://www.langchain.com/blog/conversational-retrieval-agents,2023-08-03,LangChain,TRUE,
lc-r-cube-x-langchain-building-ai-experiences-with-llms-and-the-semantic-layer,langchain,USA,research,Cube x LangChain: Building AI experiences with LLMs and the semantic layer,https://www.langchain.com/blog/cube-x-langchain-building-ai-experiences-with-llms-and-the-semantic-layer,2023-08-23,LangChain,TRUE,
lc-r-custom-agents,langchain,USA,research,Custom Agents,https://www.langchain.com/blog/custom-agents,2023-04-03,LangChain,TRUE,
lc-r-custom-authentication-and-access-control-in-langgraph,langchain,USA,research,Custom Authentication and Access Control for LangGraph Platform,https://www.langchain.com/blog/custom-authentication-and-access-control-in-langgraph,2024-12-19,LangChain,TRUE,
lc-r-customer-bertelsmann,langchain,USA,research,How Bertelsmann Built a Multi-Agent System to Empower Creatives,https://www.langchain.com/blog/customer-bertelsmann,2025-07-29,LangChain,TRUE,
lc-r-customers-abu-dhabi-government,langchain,USA,research,"TAMM AI Assistant: Transforming Government Services in Abu Dhabi with LangChain and LangGraph""",https://www.langchain.com/blog/customers-abu-dhabi-government,2025-04-15,LangChain,TRUE,
lc-r-customers-acxiom,langchain,USA,research,Acxiom's use of LangSmith for enhanced audience segmentation,https://www.langchain.com/blog/customers-acxiom,2025-01-12,LangChain,TRUE,
lc-r-customers-airtop,langchain,USA,research,How Airtop built web-automation for AI agents powered by the LangChain ecosystem,https://www.langchain.com/blog/customers-airtop,2024-11-26,LangChain,TRUE,
lc-r-customers-appfolio,langchain,USA,research,"How AppFolio transformed property management workflows with Realm-X, built using LangGraph and LangSmith",https://www.langchain.com/blog/customers-appfolio,2024-12-16,LangChain,TRUE,
lc-r-customers-athena-intelligence,langchain,USA,research,"How Athena Intelligence optimized research reports with LangSmith, LangChain, and LangGraph",https://www.langchain.com/blog/customers-athena-intelligence,2024-07-21,LangChain,TRUE,
lc-r-customers-chrobinson,langchain,USA,research,How C.H. Robinson is transforming the logistics industry with LangChain,https://www.langchain.com/blog/customers-chrobinson,2025-03-10,LangChain,TRUE,
lc-r-customers-cleric,langchain,USA,research,How Cleric’s AI SRE leveled up with continuous learning through LangSmith,https://www.langchain.com/blog/customers-cleric,2024-12-02,LangChain,TRUE,
lc-r-customers-definely,langchain,USA,research,Why Definely chose LangGraph for building their multi-agent AI system,https://www.langchain.com/blog/customers-definely,2025-04-07,LangChain,TRUE,
lc-r-customers-docentpro,langchain,USA,research,How DocentPro Built a Multi-Agent Travel Companion with LangGraph,https://www.langchain.com/blog/customers-docentpro,2025-04-29,LangChain,TRUE,
lc-r-customers-dun-bradstreet,langchain,USA,research,"How Dun & Bradstreet’s ChatD&B™ uses LangChain and LangSmith to deliver trusted, data-driven AI insights",https://www.langchain.com/blog/customers-dun-bradstreet,2024-11-18,LangChain,TRUE,
lc-r-customers-factory,langchain,USA,research,How Factory used LangSmith to automate their feedback loop and improve iteration speed by 2x,https://www.langchain.com/blog/customers-factory,2024-06-19,LangChain,TRUE,
lc-r-customers-harmonic,langchain,USA,research,How Harmonic built an investment agent with LangGraph and LangSmith— so VCs can focus on founders,https://www.langchain.com/blog/customers-harmonic,2025-04-13,LangChain,TRUE,
lc-r-customers-inconvo,langchain,USA,research,How Inconvo is improving customer-facing analytics with conversational AI built on LangGraph,https://www.langchain.com/blog/customers-inconvo,2025-03-19,LangChain,TRUE,
lc-r-customers-infor,langchain,USA,research,How Infor is Transforming Enterprise AI using LangGraph and LangSmith,https://www.langchain.com/blog/customers-infor,2025-02-05,LangChain,TRUE,
lc-r-customers-jimdo,langchain,USA,research,How Jimdo empower solopreneurs with AI-powered business assistance,https://www.langchain.com/blog/customers-jimdo,2025-11-19,LangChain,TRUE,
lc-r-customers-kensho,langchain,USA,research,How Kensho built a multi-agent framework with LangGraph to solve trusted financial data retrieval,https://www.langchain.com/blog/customers-kensho,2026-03-26,LangChain,TRUE,
lc-r-customers-klarna,langchain,USA,research,How Klarna's AI assistant redefined customer support at scale for 85 million active users,https://www.langchain.com/blog/customers-klarna,2025-02-12,LangChain,TRUE,
lc-r-customers-lovable,langchain,USA,research,How Lovable uses LangSmith to debug & monitor agents in production,https://www.langchain.com/blog/customers-lovable,2025-03-25,LangChain,TRUE,
lc-r-customers-monday,langchain,USA,research,monday Service + LangSmith: Building a Code-First Evaluation Strategy from Day 1,https://www.langchain.com/blog/customers-monday,2026-02-18,LangChain,TRUE,
lc-r-customers-monte-carlo,langchain,USA,research,Monte Carlo: Building Data + AI Observability Agents with LangGraph and LangSmith,https://www.langchain.com/blog/customers-monte-carlo,2025-09-10,LangChain,TRUE,
lc-r-customers-mufgbank,langchain,USA,research,How MUFG Bank increased sales efficiency by 10x with LangChain,https://www.langchain.com/blog/customers-mufgbank,2025-02-26,LangChain,TRUE,
lc-r-customers-new-computer,langchain,USA,research,Improving Memory Retrieval: How New Computer achieved 50% higher recall with LangSmith,https://www.langchain.com/blog/customers-new-computer,2024-07-02,LangChain,TRUE,
lc-r-customers-openrecovery,langchain,USA,research,OpenRecovery: Transforming addiction recovery with LangGraph Platform,https://www.langchain.com/blog/customers-openrecovery,2024-10-03,LangChain,TRUE,
lc-r-customers-paradigm,langchain,USA,research,How Paradigm runs and monitors thousands of agents in parallel with LangChain and LangSmith,https://www.langchain.com/blog/customers-paradigm,2024-09-04,LangChain,TRUE,
lc-r-customers-podium,langchain,USA,research,How Podium optimized agent behavior and reduced engineering intervention by 90% with LangSmith,https://www.langchain.com/blog/customers-podium,2024-08-15,LangChain,TRUE,
lc-r-customers-rakuten,langchain,USA,research,Rakuten Group builds with LangChain and LangSmith to deliver premium products for its business clients and employees,https://www.langchain.com/blog/customers-rakuten,2024-02-14,LangChain,TRUE,
lc-r-customers-remote,langchain,USA,research,How Remote uses LangChain and LangGraph to onboard thousands of customers with AI,https://www.langchain.com/blog/customers-remote,2026-01-19,LangChain,TRUE,
lc-r-customers-replit,langchain,USA,research,Pushing LangSmith to new limits with Replit Agent's complex workflows,https://www.langchain.com/blog/customers-replit,2024-09-26,LangChain,TRUE,
lc-r-customers-rexera,langchain,USA,research,How Rexera’s AI agents drive quality control with LangGraph,https://www.langchain.com/blog/customers-rexera,2024-10-09,LangChain,TRUE,
lc-r-customers-servicenow,langchain,USA,research,How ServiceNow uses LangSmith to get visibility into its customer success agents,https://www.langchain.com/blog/customers-servicenow,2025-11-17,LangChain,TRUE,
lc-r-customers-tradestack,langchain,USA,research,How Tradestack launched their MVP in 6 weeks using LangGraph Cloud,https://www.langchain.com/blog/customers-tradestack,2024-09-25,LangChain,TRUE,
lc-r-customers-trellix,langchain,USA,research,How Trellix cut log parsing time from days to minutes with LangGraph Studio and LangSmith,https://www.langchain.com/blog/customers-trellix,2025-04-21,LangChain,TRUE,
lc-r-customers-vizient,langchain,USA,research,How Vizient empowers healthcare providers with reliable GenAI insights using LangGraph and LangSmith,https://www.langchain.com/blog/customers-vizient,2025-02-10,LangChain,TRUE,
lc-r-customers-vodafone,langchain,USA,research,Vodafone transforms data operations with AI using LangChain and LangGraph,https://www.langchain.com/blog/customers-vodafone,2025-03-23,LangChain,TRUE,
lc-r-customers-vodafone-italy,langchain,USA,research,Fastweb + Vodafone: Transforming Customer Experience with AI Agents using LangGraph and LangSmith,https://www.langchain.com/blog/customers-vodafone-italy,2025-12-16,LangChain,TRUE,
lc-r-customers-webtoon,langchain,USA,research,How Webtoon Entertainment built agentic workflows with LangGraph to scale story understanding,https://www.langchain.com/blog/customers-webtoon,2025-05-19,LangChain,TRUE,
lc-r-customers-wordsmith,langchain,USA,research,"LangSmith for the full product lifecycle: How Wordsmith quickly builds, debugs, and evaluates LLM performance in production",https://www.langchain.com/blog/customers-wordsmith,2024-07-08,LangChain,TRUE,
lc-r-data-driven-characters,langchain,USA,research,Data-Driven Characters,https://www.langchain.com/blog/data-driven-characters,2023-06-19,LangChain,TRUE,
lc-r-data-viz-agent,langchain,USA,research,Building a Data Visualization Agent with LangGraph Cloud,https://www.langchain.com/blog/data-viz-agent,2024-09-12,LangChain,TRUE,
lc-r-dataherald,langchain,USA,research,How Dataherald Makes Natural Language to SQL Easy,https://www.langchain.com/blog/dataherald,2024-02-14,LangChain,TRUE,
lc-r-dataset-schemas,langchain,USA,research,Dataset schemas for fast and iterative data curation in LangSmith,https://www.langchain.com/blog/dataset-schemas,2024-07-31,LangChain,TRUE,
lc-r-debugging-deep-agents-with-langsmith,langchain,USA,research,Debugging Deep Agents with LangSmith,https://www.langchain.com/blog/debugging-deep-agents-with-langsmith,2025-12-10,LangChain,TRUE,
lc-r-deconstructing-rag,langchain,USA,research,Deconstructing RAG,https://www.langchain.com/blog/deconstructing-rag,2023-11-30,LangChain,TRUE,
lc-r-deep-agents,langchain,USA,research,Deep Agents,https://www.langchain.com/blog/deep-agents,2025-07-30,LangChain,TRUE,
lc-r-deep-agents-deploy-an-open-alternative-to-claude-managed-agents,langchain,USA,research,Deep Agents Deploy: an open alternative to Claude Managed Agents,https://www.langchain.com/blog/deep-agents-deploy-an-open-alternative-to-claude-managed-agents,2026-04-09,LangChain,TRUE,
lc-r-deep-agents-v0-5,langchain,USA,research,Deep Agents v0.5,https://www.langchain.com/blog/deep-agents-v0-5,2026-04-07,LangChain,TRUE,
lc-r-documentation-refresh-for-langchain-v0-2,langchain,USA,research,Documentation Refresh for LangChain v0.2,https://www.langchain.com/blog/documentation-refresh-for-langchain-v0-2,2024-05-20,LangChain,TRUE,
lc-r-dosu-langsmith-no-prompt-eng,langchain,USA,research,How Dosu Used LangSmith to Achieve a 30% Accuracy Improvement with No Prompt Engineering,https://www.langchain.com/blog/dosu-langsmith-no-prompt-eng,2024-05-02,LangChain,TRUE,
lc-r-doubling-down-on-deepagents,langchain,USA,research,Doubling down on Deep Agents,https://www.langchain.com/blog/doubling-down-on-deepagents,2025-10-28,LangChain,TRUE,
lc-r-easier-evaluations-with-langsmith-sdk-v0-2,langchain,USA,research,Easier evaluations with LangSmith SDK v0.2,https://www.langchain.com/blog/easier-evaluations-with-langsmith-sdk-v0-2,2024-12-05,LangChain,TRUE,
lc-r-eden-ai-x-langchain,langchain,USA,research,"Eden AI x LangChain: Harnessing LLMs, Embeddings, and AI",https://www.langchain.com/blog/eden-ai-x-langchain,2023-09-21,LangChain,TRUE,
lc-r-empowering-development-with-flowtestai,langchain,USA,research,Empowering Development with FlowTestAI: Bridging APIs and LLMs for Enhanced Testing and Privacy,https://www.langchain.com/blog/empowering-development-with-flowtestai,2024-04-22,LangChain,TRUE,
lc-r-end-to-end-opentelemetry-langsmith,langchain,USA,research,Introducing End-to-End OpenTelemetry Support in LangSmith,https://www.langchain.com/blog/end-to-end-opentelemetry-langsmith,2025-03-26,LangChain,TRUE,
lc-r-enhancing-rag-based-applications-accuracy-by-constructing-and-leveraging-knowledge-graphs,langchain,USA,research,Enhancing RAG-based application accuracy by constructing and leveraging knowledge graphs,https://www.langchain.com/blog/enhancing-rag-based-applications-accuracy-by-constructing-and-leveraging-knowledge-graphs,2024-03-15,LangChain,TRUE,
lc-r-espilla-x-langchain-retrieval-augmented-generation-rag-in-llm-powered-question-answering-pipelines,langchain,USA,research,Epsilla x LangChain: Retrieval Augmented Generation (RAG) in LLM-Powered Question-Answering Pipelines,https://www.langchain.com/blog/espilla-x-langchain-retrieval-augmented-generation-rag-in-llm-powered-question-answering-pipelines,2023-08-23,LangChain,TRUE,
lc-r-evaluating-deep-agents-our-learnings,langchain,USA,research,Evaluating Deep Agents: Our Learnings,https://www.langchain.com/blog/evaluating-deep-agents-our-learnings,2025-12-03,LangChain,TRUE,
lc-r-evaluating-deepagents-cli-on-terminal-bench-2-0,langchain,USA,research,Evaluating Deep Agents CLI on Terminal Bench 2.0,https://www.langchain.com/blog/evaluating-deepagents-cli-on-terminal-bench-2-0,2025-12-05,LangChain,TRUE,
lc-r-evaluating-llms-with-openevals,langchain,USA,research,Quickly Start Evaluating LLMs With OpenEvals,https://www.langchain.com/blog/evaluating-llms-with-openevals,2025-02-26,LangChain,TRUE,
lc-r-evaluating-rag-pipelines-with-ragas-langsmith,langchain,USA,research,Evaluating RAG pipelines with Ragas + LangSmith,https://www.langchain.com/blog/evaluating-rag-pipelines-with-ragas-langsmith,2023-08-23,LangChain,TRUE,
lc-r-evaluating-skills,langchain,USA,research,Evaluating Skills,https://www.langchain.com/blog/evaluating-skills,2026-03-05,LangChain,TRUE,
lc-r-exa,langchain,USA,research,How Exa built a Web Research Multi-Agent System with LangGraph and LangSmith,https://www.langchain.com/blog/exa,2025-06-30,LangChain,TRUE,
lc-r-execute-code-with-sandboxes-for-deepagents,langchain,USA,research,Execute Code with Sandboxes for Deep Agents,https://www.langchain.com/blog/execute-code-with-sandboxes-for-deepagents,2025-11-13,LangChain,TRUE,
lc-r-exploring-genworlds,langchain,USA,research,Yeager.ai x LangChain: Exploring GenWorlds a Framework for Coordinating AI Agents,https://www.langchain.com/blog/exploring-genworlds,2023-08-04,LangChain,TRUE,
lc-r-exploring-prompt-optimization,langchain,USA,research,Exploring Prompt Optimization,https://www.langchain.com/blog/exploring-prompt-optimization,2025-01-28,LangChain,TRUE,
lc-r-exploring-uxs-besides-chat-with-research-assistant,langchain,USA,research,"""Research Assistant"": Exploring UXs Besides Chat",https://www.langchain.com/blog/exploring-uxs-besides-chat-with-research-assistant,2023-11-16,LangChain,TRUE,
lc-r-extraction-benchmarking,langchain,USA,research,Extraction Benchmarking,https://www.langchain.com/blog/extraction-benchmarking,2023-12-05,LangChain,TRUE,
lc-r-feature-stores-and-llms,langchain,USA,research,Feature Stores and LLMs,https://www.langchain.com/blog/feature-stores-and-llms,2023-05-09,LangChain,TRUE,
lc-r-febraury-2026-langchain-newsletter,langchain,USA,research,February 2026: LangChain Newsletter,https://www.langchain.com/blog/febraury-2026-langchain-newsletter,2026-03-03,LangChain,TRUE,
lc-r-few-shot-prompting-to-improve-tool-calling-performance,langchain,USA,research,Few-shot prompting to improve tool-calling performance,https://www.langchain.com/blog/few-shot-prompting-to-improve-tool-calling-performance,2024-07-24,LangChain,TRUE,
lc-r-fine-tune-your-llms-with-langsmith-and-lilac,langchain,USA,research,Fine-tune your LLMs with LangSmith and Lilac,https://www.langchain.com/blog/fine-tune-your-llms-with-langsmith-and-lilac,2023-09-26,LangChain,TRUE,
lc-r-fine-tuning-chatgpt-surpassing-gpt-4-summarization,langchain,USA,research,Fine-tuning ChatGPT: Surpassing GPT-4 Summarization Performance–A 63% Cost Reduction and 11x Speed Enhancement using Synthetic Data and LangSmith,https://www.langchain.com/blog/fine-tuning-chatgpt-surpassing-gpt-4-summarization,2023-10-10,LangChain,TRUE,
lc-r-from-foundation-models-to-fine-tuned-applications-using-label-studio,langchain,USA,research,Label Studio x LangChain: From Foundation Models to Fine-Tuned Applications Using Label Studio,https://www.langchain.com/blog/from-foundation-models-to-fine-tuned-applications-using-label-studio,2023-08-14,LangChain,TRUE,
lc-r-from-traces-to-insights-understanding-agent-behavior-at-scale,langchain,USA,research,From Traces to Insights: Understanding Agent Behavior at Scale,https://www.langchain.com/blog/from-traces-to-insights-understanding-agent-behavior-at-scale,2026-01-20,LangChain,TRUE,
lc-r-generating-usable-text-with-ai,langchain,USA,research,Generating Usable Text with AI,https://www.langchain.com/blog/generating-usable-text-with-ai,2024-02-05,LangChain,TRUE,
lc-r-going-beyond-chatbots-how-to-make-gpt-4-output-structured-data-using-langchain,langchain,USA,research,Going Beyond Chatbots: How to Make GPT-4 Output Structured Data Using LangChain,https://www.langchain.com/blog/going-beyond-chatbots-how-to-make-gpt-4-output-structured-data-using-langchain,2023-05-21,LangChain,TRUE,
lc-r-goodbye-cves-hello-langchain-experimental,langchain,USA,research,"Goodbye CVEs, Hello `langchain_experimental`",https://www.langchain.com/blog/goodbye-cves-hello-langchain-experimental,2023-07-31,LangChain,TRUE,
lc-r-gpt-researcher-x-langchain,langchain,USA,research,GPT Researcher x LangChain,https://www.langchain.com/blog/gpt-researcher-x-langchain,2023-08-13,LangChain,TRUE,
lc-r-gpteam-a-multi-agent-simulation,langchain,USA,research,GPTeam: A multi-agent simulation,https://www.langchain.com/blog/gpteam-a-multi-agent-simulation,2023-06-05,LangChain,TRUE,
lc-r-gptwitter,langchain,USA,research,GPTwitter,https://www.langchain.com/blog/gptwitter,2023-02-01,LangChain,TRUE,
lc-r-gradio-llm-agents,langchain,USA,research,Gradio & LLM Agents,https://www.langchain.com/blog/gradio-llm-agents,2023-04-23,LangChain,TRUE,
lc-r-graph-based-metadata-filtering-for-improving-vector-search-in-rag-applications,langchain,USA,research,Graph-based metadata filtering for improving vector search in RAG applications,https://www.langchain.com/blog/graph-based-metadata-filtering-for-improving-vector-search-in-rag-applications,2024-04-25,LangChain,TRUE,
lc-r-grouped-monitoring-charts,langchain,USA,research,LangSmith's Latest Feature: Grouped Monitoring Charts,https://www.langchain.com/blog/grouped-monitoring-charts,2024-01-30,LangChain,TRUE,
lc-r-handling-pii-data-in-langchain,langchain,USA,research,Handling PII data in LangChain,https://www.langchain.com/blog/handling-pii-data-in-langchain,2023-10-03,LangChain,TRUE,
lc-r-high-cardinality,langchain,USA,research,Benchmarking Query Analysis in High Cardinality Situations,https://www.langchain.com/blog/high-cardinality,2024-03-15,LangChain,TRUE,
lc-r-how-agents-can-use-filesystems-for-context-engineering,langchain,USA,research,How agents can use filesystems for context engineering,https://www.langchain.com/blog/how-agents-can-use-filesystems-for-context-engineering,2025-11-21,LangChain,TRUE,
lc-r-how-and-when-to-build-multi-agent-systems,langchain,USA,research,How and when to build multi-agent systems,https://www.langchain.com/blog/how-and-when-to-build-multi-agent-systems,2025-06-16,LangChain,TRUE,
lc-r-how-build-inc-used-langgraph-to-launch-a-multi-agent-architecture-for-automating-critical-cre-workflows-for-data-center-development,langchain,USA,research,How Build.inc used LangGraph to launch a Multi-Agent Architecture for automating critical CRE workflows for Data Center Development.,https://www.langchain.com/blog/how-build-inc-used-langgraph-to-launch-a-multi-agent-architecture-for-automating-critical-cre-workflows-for-data-center-development,2025-03-05,LangChain,TRUE,
lc-r-how-captide-is-redefining-equity-research-with-agentic-workflows-built-on-langgraph-and-langsmith,langchain,USA,research,How Captide is redefining equity research with agentic workflows running on LangGraph Platform,https://www.langchain.com/blog/how-captide-is-redefining-equity-research-with-agentic-workflows-built-on-langgraph-and-langsmith,2025-01-20,LangChain,TRUE,
lc-r-how-chaos-labs-built-a-multi-agent-system-for-resolution-in-prediction-markets,langchain,USA,research,How Chaos Labs built a multi-agent system for resolution in prediction markets,https://www.langchain.com/blog/how-chaos-labs-built-a-multi-agent-system-for-resolution-in-prediction-markets,2024-11-06,LangChain,TRUE,
lc-r-how-coding-agents-are-reshaping-engineering-product-and-design,langchain,USA,research,"How Coding Agents Are Reshaping Engineering, Product and Design",https://www.langchain.com/blog/how-coding-agents-are-reshaping-engineering-product-and-design,2026-03-10,LangChain,TRUE,
lc-r-how-correct-are-llm-evaluators,langchain,USA,research,"How ""Correct"" are LLM Evaluators?",https://www.langchain.com/blog/how-correct-are-llm-evaluators,2023-09-28,LangChain,TRUE,
lc-r-how-do-i-speed-up-my-agent,langchain,USA,research,AI Agent Latency 101: How do I speed up my AI agent?,https://www.langchain.com/blog/how-do-i-speed-up-my-agent,2025-03-15,LangChain,TRUE,
lc-r-how-mendable-leverages-langsmith-to-debug-tools-actions,langchain,USA,research,How Mendable leverages LangSmith to debug Tools & Actions,https://www.langchain.com/blog/how-mendable-leverages-langsmith-to-debug-tools-actions,2024-01-25,LangChain,TRUE,
lc-r-how-middleware-lets-you-customize-your-agent-harness,langchain,USA,research,How Middleware Lets You Customize Your Agent Harness,https://www.langchain.com/blog/how-middleware-lets-you-customize-your-agent-harness,2026-03-26,LangChain,TRUE,
lc-r-how-minimal-built-a-multi-agent-customer-support-system-with-langgraph-langsmith,langchain,USA,research,How Minimal built a multi-agent customer support system with LangGraph & LangSmith,https://www.langchain.com/blog/how-minimal-built-a-multi-agent-customer-support-system-with-langgraph-langsmith,2025-01-20,LangChain,TRUE,
lc-r-how-moda-builds-production-grade-ai-design-agents-with-deep-agents,langchain,USA,research,How Moda Builds Production-Grade AI Design Agents with Deep Agents,https://www.langchain.com/blog/how-moda-builds-production-grade-ai-design-agents-with-deep-agents,2026-03-24,LangChain,TRUE,
lc-r-how-my-agents-self-heal-in-production,langchain,USA,research,How My Agents Self-Heal in Production,https://www.langchain.com/blog/how-my-agents-self-heal-in-production,2026-04-03,LangChain,TRUE,
lc-r-how-to-build-an-agent,langchain,USA,research,How to Build an Agent,https://www.langchain.com/blog/how-to-build-an-agent,2025-07-09,LangChain,TRUE,
lc-r-how-to-build-the-ultimate-ai-automation-with-multi-agent-collaboration,langchain,USA,research,How to Build the Ultimate AI Automation with Multi-Agent Collaboration,https://www.langchain.com/blog/how-to-build-the-ultimate-ai-automation-with-multi-agent-collaboration,2024-05-09,LangChain,TRUE,
lc-r-how-to-design-an-agent-for-production,langchain,USA,research,How to design an Agent for Production,https://www.langchain.com/blog/how-to-design-an-agent-for-production,2023-10-15,LangChain,TRUE,
lc-r-how-to-safely-query-enterprise-data-with-langchain-agents-sql-openai-gretel,langchain,USA,research,How to Safely Query Enterprise Data with LangChain Agents + SQL + OpenAI + Gretel,https://www.langchain.com/blog/how-to-safely-query-enterprise-data-with-langchain-agents-sql-openai-gretel,2023-09-12,LangChain,TRUE,
lc-r-how-to-think-about-agent-frameworks,langchain,USA,research,How to think about agent frameworks,https://www.langchain.com/blog/how-to-think-about-agent-frameworks,2025-04-20,LangChain,TRUE,
lc-r-how-to-turn-claude-code-into-a-domain-specific-coding-agent,langchain,USA,research,How to turn Claude Code into a domain specific coding agent,https://www.langchain.com/blog/how-to-turn-claude-code-into-a-domain-specific-coding-agent,2025-09-11,LangChain,TRUE,
lc-r-how-to-use-memory-in-agent-builder,langchain,USA,research,How to Use Memory in Agent Builder,https://www.langchain.com/blog/how-to-use-memory-in-agent-builder,2026-02-19,LangChain,TRUE,
lc-r-how-we-build-evals-for-deep-agents,langchain,USA,research,How we build evals for Deep Agents,https://www.langchain.com/blog/how-we-build-evals-for-deep-agents,2026-03-26,LangChain,TRUE,
lc-r-how-we-built-agent-builders-memory-system,langchain,USA,research,How we built Agent Builder’s memory system,https://www.langchain.com/blog/how-we-built-agent-builders-memory-system,2026-02-21,LangChain,TRUE,
lc-r-how-we-built-langchains-gtm-agent,langchain,USA,research,How we built LangChain’s GTM Agent,https://www.langchain.com/blog/how-we-built-langchains-gtm-agent,2026-03-09,LangChain,TRUE,
lc-r-how-we-deployed-our-multi-agent-flow-to-langgraph-cloud-2,langchain,USA,research,How We Deployed our Multi-Agent Flow to LangGraph Cloud,https://www.langchain.com/blog/how-we-deployed-our-multi-agent-flow-to-langgraph-cloud-2,2024-07-15,LangChain,TRUE,
lc-r-human-in-the-loop-with-opengpts-and-langgraph,langchain,USA,research,Human-in-the-loop with OpenGPTs and LangGraph,https://www.langchain.com/blog/human-in-the-loop-with-opengpts-and-langgraph,2024-02-08,LangChain,TRUE,
lc-r-human-judgment-in-the-agent-improvement-loop,langchain,USA,research,Human judgment in the agent improvement loop,https://www.langchain.com/blog/human-judgment-in-the-agent-improvement-loop,2026-04-09,LangChain,TRUE,
lc-r-implementing-advanced-retrieval-rag-strategies-with-neo4j,langchain,USA,research,Implementing advanced RAG strategies with Neo4j,https://www.langchain.com/blog/implementing-advanced-retrieval-rag-strategies-with-neo4j,2023-11-07,LangChain,TRUE,
lc-r-improving-core-tool-interfaces-and-docs-in-langchain,langchain,USA,research,Improving core tool interfaces and docs in LangChain,https://www.langchain.com/blog/improving-core-tool-interfaces-and-docs-in-langchain,2024-07-18,LangChain,TRUE,
lc-r-improving-deep-agents-with-harness-engineering,langchain,USA,research,Improving Deep Agents with harness engineering,https://www.langchain.com/blog/improving-deep-agents-with-harness-engineering,2026-02-17,LangChain,TRUE,
lc-r-improving-document-retrieval-with-contextual-compression,langchain,USA,research,Improving Document Retrieval with Contextual Compression,https://www.langchain.com/blog/improving-document-retrieval-with-contextual-compression,2023-04-20,LangChain,TRUE,
lc-r-in-software-the-code-documents-the-app-in-ai-the-traces-do,langchain,USA,research,"In software, the code documents the app. In AI, the traces do.",https://www.langchain.com/blog/in-software-the-code-documents-the-app-in-ai-the-traces-do,2026-01-10,LangChain,TRUE,
lc-r-incorporating-domain-specific-knowledge-in-sql-llm-solutions,langchain,USA,research,Incorporating domain specific knowledge in SQL-LLM solutions,https://www.langchain.com/blog/incorporating-domain-specific-knowledge-in-sql-llm-solutions,2023-09-05,LangChain,TRUE,
lc-r-insights-agent-multiturn-evals-langsmith,langchain,USA,research,"Improve agent quality with Insights Agent and Multi-turn Evals, now in LangSmith",https://www.langchain.com/blog/insights-agent-multiturn-evals-langsmith,2025-10-23,LangChain,TRUE,
lc-r-integrating-chatgpt-with-google-drive-and-notion-data,langchain,USA,research,Tavrn x LangChain: Integrating Noah: ChatGPT with Google Drive and Notion data,https://www.langchain.com/blog/integrating-chatgpt-with-google-drive-and-notion-data,2023-08-23,LangChain,TRUE,
lc-r-integrating-langchain-with-azure-container-apps-dynamic-sessions,langchain,USA,research,Integrating LangChain with Azure Container Apps dynamic sessions,https://www.langchain.com/blog/integrating-langchain-with-azure-container-apps-dynamic-sessions,2024-05-16,LangChain,TRUE,
lc-r-interrupt-2025-recap,langchain,USA,research,Recap of Interrupt 2025: The AI Agent Conference by LangChain,https://www.langchain.com/blog/interrupt-2025-recap,2025-05-14,LangChain,TRUE,
lc-r-introducing-agent-builder-template-library,langchain,USA,research,Deploy agents instantly with Agent Builder templates,https://www.langchain.com/blog/introducing-agent-builder-template-library,2026-01-21,LangChain,TRUE,
lc-r-introducing-airbyte-sources-within-langchain,langchain,USA,research,Introducing Airbyte sources within LangChain,https://www.langchain.com/blog/introducing-airbyte-sources-within-langchain,2023-08-22,LangChain,TRUE,
lc-r-introducing-align-evals,langchain,USA,research,Introducing Align Evals: Streamlining LLM Application Evaluation,https://www.langchain.com/blog/introducing-align-evals,2025-07-29,LangChain,TRUE,
lc-r-introducing-ambient-agents,langchain,USA,research,Introducing ambient agents,https://www.langchain.com/blog/introducing-ambient-agents,2025-01-14,LangChain,TRUE,
lc-r-introducing-deepagents-cli,langchain,USA,research,Introducing Deep Agents CLI,https://www.langchain.com/blog/introducing-deepagents-cli,2025-10-30,LangChain,TRUE,
lc-r-introducing-deploy-cli,langchain,USA,research,Introducing deploy cli,https://www.langchain.com/blog/introducing-deploy-cli,2026-03-16,LangChain,TRUE,
lc-r-introducing-dream,langchain,USA,research,Introducing Dream – an AI no-code tool to build fully functional web apps and components with natural language,https://www.langchain.com/blog/introducing-dream,2023-11-21,LangChain,TRUE,
lc-r-introducing-interrupt-langchain-conference,langchain,USA,research,Introducing Interrupt: The AI Agent Conference by LangChain,https://www.langchain.com/blog/introducing-interrupt-langchain-conference,2025-02-03,LangChain,TRUE,
lc-r-introducing-langserve,langchain,USA,research,"Introducing LangServe, the best way to deploy your LangChains",https://www.langchain.com/blog/introducing-langserve,2023-10-12,LangChain,TRUE,
lc-r-introducing-langsmith-fetch,langchain,USA,research,Introducing LangSmith Fetch: Debug agents from your terminal,https://www.langchain.com/blog/introducing-langsmith-fetch,2025-12-10,LangChain,TRUE,
lc-r-introducing-langsmith-fleet,langchain,USA,research,Introducing LangSmith Fleet,https://www.langchain.com/blog/introducing-langsmith-fleet,2026-03-19,LangChain,TRUE,
lc-r-introducing-langsmith-sandboxes-secure-code-execution-for-agents,langchain,USA,research,Introducing LangSmith Sandboxes: Secure Code Execution for Agents,https://www.langchain.com/blog/introducing-langsmith-sandboxes-secure-code-execution-for-agents,2026-03-17,LangChain,TRUE,
lc-r-introducing-open-swe-an-open-source-asynchronous-coding-agent,langchain,USA,research,Introducing Open SWE: An Open-Source Asynchronous Coding Agent,https://www.langchain.com/blog/introducing-open-swe-an-open-source-asynchronous-coding-agent,2025-08-06,LangChain,TRUE,
lc-r-introducing-polly-your-ai-agent-engineer,langchain,USA,research,Introducing Polly: Your AI Agent Engineer,https://www.langchain.com/blog/introducing-polly-your-ai-agent-engineer,2025-12-10,LangChain,TRUE,
lc-r-introducing-prompt-canvas,langchain,USA,research,Introducing Prompt Canvas: a Novel UX for Developing Prompts,https://www.langchain.com/blog/introducing-prompt-canvas,2024-11-12,LangChain,TRUE,
lc-r-introducing-the-langgraph-functional-api,langchain,USA,research,Introducing the LangGraph Functional API,https://www.langchain.com/blog/introducing-the-langgraph-functional-api,2025-01-29,LangChain,TRUE,
lc-r-introducing-tuna-a-tool-for-rapidly-generating-synthetic-fine-tuning-datasets,langchain,USA,research,Introducing Tuna - A Tool for Rapidly Generating Synthetic Fine-Tuning Datasets,https://www.langchain.com/blog/introducing-tuna-a-tool-for-rapidly-generating-synthetic-fine-tuning-datasets,2023-11-21,LangChain,TRUE,
lc-r-is-langgraph-used-in-production,langchain,USA,research,Is LangGraph Used In Production?,https://www.langchain.com/blog/is-langgraph-used-in-production,2025-02-04,LangChain,TRUE,
lc-r-iterating-towards-llm-reliability-with-evaluation-driven-development,langchain,USA,research,Iterating Towards LLM Reliability with Evaluation Driven Development,https://www.langchain.com/blog/iterating-towards-llm-reliability-with-evaluation-driven-development,2024-03-11,LangChain,TRUE,
lc-r-january-2026-langchain-newsletter,langchain,USA,research,January 2026: LangChain Newsletter,https://www.langchain.com/blog/january-2026-langchain-newsletter,2026-01-29,LangChain,TRUE,
lc-r-javascript-langgraph-v02-cloud-studio,langchain,USA,research,Build reliable agents in JavaScript with LangGraph.js v0.2: Now supporting Cloud and Studio,https://www.langchain.com/blog/javascript-langgraph-v02-cloud-studio,2024-09-03,LangChain,TRUE,
lc-r-jockey-twelvelabs-langgraph,langchain,USA,research,Jockey: A Conversational Video Agent Powered by Twelve Labs APIs and LangGraph,https://www.langchain.com/blog/jockey-twelvelabs-langgraph,2024-07-03,LangChain,TRUE,
lc-r-join-langchain-at-aws-re-invent-2025,langchain,USA,research,Join LangChain at AWS re:Invent 2025,https://www.langchain.com/blog/join-langchain-at-aws-re-invent-2025,2025-11-10,LangChain,TRUE,
lc-r-join-us-for-interrupt-the-agent-conference,langchain,USA,research,Join us for Interrupt: The Agent Conference,https://www.langchain.com/blog/join-us-for-interrupt-the-agent-conference,2026-02-12,LangChain,TRUE,
lc-r-js-envs,langchain,USA,research,Announcing LangChainJS Support for Multiple JS Environments,https://www.langchain.com/blog/js-envs,2023-04-11,LangChain,TRUE,
lc-r-json-based-agents-with-ollama-and-langchain,langchain,USA,research,JSON agents with Ollama & LangChain,https://www.langchain.com/blog/json-based-agents-with-ollama-and-langchain,2024-02-20,LangChain,TRUE,
lc-r-kay-x-cybersyn-x-langchain,langchain,USA,research,Kay x Cybersyn x LangChain: Embedding SEC Filings for RAG,https://www.langchain.com/blog/kay-x-cybersyn-x-langchain,2023-10-03,LangChain,TRUE,
lc-r-langchain-and-scrimba-partner-to-help-web-devs-become-ai-engineers,langchain,USA,research,LangChain and Scrimba Partner to help Web Devs become AI Engineers,https://www.langchain.com/blog/langchain-and-scrimba-partner-to-help-web-devs-become-ai-engineers,2023-09-21,LangChain,TRUE,
lc-r-langchain-chat,langchain,USA,research,LangChain Chat,https://www.langchain.com/blog/langchain-chat,2023-01-16,LangChain,TRUE,
lc-r-langchain-chroma,langchain,USA,research,LangChain + Chroma,https://www.langchain.com/blog/langchain-chroma,2023-02-13,LangChain,TRUE,
lc-r-langchain-demogpt-new-era-for-gen-ai-applications,langchain,USA,research,LangChain 🤝 DemoGPT: New Era for Gen-AI Applications,https://www.langchain.com/blog/langchain-demogpt-new-era-for-gen-ai-applications,2023-08-21,LangChain,TRUE,
lc-r-langchain-docugami-webinar-lessons-from-deploying-llms-with-langsmith,langchain,USA,research,LangChain + Docugami Webinar: Lessons from Deploying LLMs with LangSmith,https://www.langchain.com/blog/langchain-docugami-webinar-lessons-from-deploying-llms-with-langsmith,2023-09-20,LangChain,TRUE,
lc-r-langchain-documentation-refresh,langchain,USA,research,Rethinking Our Documentation,https://www.langchain.com/blog/langchain-documentation-refresh,2024-04-05,LangChain,TRUE,
lc-r-langchain-expands-collaboration-with-microsoft,langchain,USA,research,LangChain Expands Collaboration with Microsoft,https://www.langchain.com/blog/langchain-expands-collaboration-with-microsoft,2023-11-15,LangChain,TRUE,
lc-r-langchain-expression-language,langchain,USA,research,LangChain Expression Language,https://www.langchain.com/blog/langchain-expression-language,2023-08-01,LangChain,TRUE,
lc-r-langchain-integration-docs-revamped,langchain,USA,research,LangChain Integration Docs: Find information faster with revamped pages & API references,https://www.langchain.com/blog/langchain-integration-docs-revamped,2024-08-14,LangChain,TRUE,
lc-r-langchain-langchain-1-0-alpha-releases,langchain,USA,research,LangChain & LangGraph 1.0 alpha releases,https://www.langchain.com/blog/langchain-langchain-1-0-alpha-releases,2025-09-02,LangChain,TRUE,
lc-r-langchain-langgraph-1dot0,langchain,USA,research,LangChain and LangGraph Agent Frameworks Reach v1.0 Milestones,https://www.langchain.com/blog/langchain-langgraph-1dot0,2025-10-22,LangChain,TRUE,
lc-r-langchain-partners-with-commandbar-on-their-copilot-user-assistant,langchain,USA,research,LangChain Partners with CommandBar on their Copilot User Assistant,https://www.langchain.com/blog/langchain-partners-with-commandbar-on-their-copilot-user-assistant,2024-02-08,LangChain,TRUE,
lc-r-langchain-partners-with-elastic-to-launch-the-elastic-ai-assistant,langchain,USA,research,LangChain partners with Elastic to launch the Elastic AI Assistant,https://www.langchain.com/blog/langchain-partners-with-elastic-to-launch-the-elastic-ai-assistant,2024-01-30,LangChain,TRUE,
lc-r-langchain-predibase-the-easiest-way-to-fine-tune-and-productionize-oss-llms,langchain,USA,research,Langchain x Predibase: The easiest way to fine-tune and productionize OSS LLMs,https://www.langchain.com/blog/langchain-predibase-the-easiest-way-to-fine-tune-and-productionize-oss-llms,2023-08-17,LangChain,TRUE,
lc-r-langchain-prompt-hub,langchain,USA,research,Announcing LangChain Hub,https://www.langchain.com/blog/langchain-prompt-hub,2023-09-05,LangChain,TRUE,
lc-r-langchain-second-birthday,langchain,USA,research,LangChain's Second Birthday,https://www.langchain.com/blog/langchain-second-birthday,2024-10-24,LangChain,TRUE,
lc-r-langchain-skills,langchain,USA,research,LangChain Skills,https://www.langchain.com/blog/langchain-skills,2026-03-04,LangChain,TRUE,
lc-r-langchain-state-of-ai-2023,langchain,USA,research,LangChain State of AI 2023,https://www.langchain.com/blog/langchain-state-of-ai-2023,2023-12-21,LangChain,TRUE,
lc-r-langchain-state-of-ai-2024,langchain,USA,research,LangChain State of AI 2024 Report,https://www.langchain.com/blog/langchain-state-of-ai-2024,2024-12-19,LangChain,TRUE,
lc-r-langchain-streamlit,langchain,USA,research,LangChain 🤝 Streamlit,https://www.langchain.com/blog/langchain-streamlit,2023-07-11,LangChain,TRUE,
lc-r-langchain-templates,langchain,USA,research,LangChain Templates,https://www.langchain.com/blog/langchain-templates,2023-10-31,LangChain,TRUE,
lc-r-langchain-unstructured,langchain,USA,research,LangChain <> Unstructured,https://www.langchain.com/blog/langchain-unstructured,2023-02-05,LangChain,TRUE,
lc-r-langchain-v0-1-0,langchain,USA,research,LangChain v0.1.0,https://www.langchain.com/blog/langchain-v0-1-0,2024-01-08,LangChain,TRUE,
lc-r-langchain-v02-leap-to-stability,langchain,USA,research,LangChain v0.2: A Leap Towards Stability,https://www.langchain.com/blog/langchain-v02-leap-to-stability,2024-05-10,LangChain,TRUE,
lc-r-langchain-vectara-better-together,langchain,USA,research,LangChain + Vectara: better together,https://www.langchain.com/blog/langchain-vectara-better-together,2023-06-06,LangChain,TRUE,
lc-r-langchain-x-context-building-better-chat-products-with-user-analytics,langchain,USA,research,LangChain x Context: Building Better Chat Products With User Analytics,https://www.langchain.com/blog/langchain-x-context-building-better-chat-products-with-user-analytics,2023-07-12,LangChain,TRUE,
lc-r-langchain-x-mongodb-atlas,langchain,USA,research,LangChain <> MongoDB Atlas,https://www.langchain.com/blog/langchain-x-mongodb-atlas,2023-06-22,LangChain,TRUE,
lc-r-langchain-x-supabase,langchain,USA,research,LangChain x Supabase,https://www.langchain.com/blog/langchain-x-supabase,2023-04-08,LangChain,TRUE,
lc-r-langchain-zapier-nla,langchain,USA,research,LangChain + Zapier Natural Language Actions (NLA),https://www.langchain.com/blog/langchain-zapier-nla,2023-03-16,LangChain,TRUE,
lc-r-langchainhub,langchain,USA,research,LangChainHub,https://www.langchain.com/blog/langchainhub,2023-01-23,LangChain,TRUE,
lc-r-langchains-first-birthday,langchain,USA,research,LangChain's First Birthday,https://www.langchain.com/blog/langchains-first-birthday,2023-10-24,LangChain,TRUE,
lc-r-langfriend,langchain,USA,research,LangFriend: a Journal with Long-Term Memory,https://www.langchain.com/blog/langfriend,2024-03-28,LangChain,TRUE,
lc-r-langgraph,langchain,USA,research,LangGraph,https://www.langchain.com/blog/langgraph,2024-01-17,LangChain,TRUE,
lc-r-langgraph-0-3-release-prebuilt-agents,langchain,USA,research,LangGraph 0.3 Release: Prebuilt Agents,https://www.langchain.com/blog/langgraph-0-3-release-prebuilt-agents,2025-02-27,LangChain,TRUE,
lc-r-langgraph-cloud,langchain,USA,research,"Announcing LangGraph v0.1 & LangGraph Cloud: Running agents at scale, reliably",https://www.langchain.com/blog/langgraph-cloud,2024-06-27,LangChain,TRUE,
lc-r-langgraph-multi-agent-workflows,langchain,USA,research,LangGraph: Multi-Agent Workflows,https://www.langchain.com/blog/langgraph-multi-agent-workflows,2024-01-23,LangChain,TRUE,
lc-r-langgraph-platform-announce,langchain,USA,research,LangGraph Platform in beta: New deployment options for scalable agent infrastructure,https://www.langchain.com/blog/langgraph-platform-announce,2024-10-31,LangChain,TRUE,
lc-r-langgraph-platform-ga,langchain,USA,research,"LangGraph Platform is now Generally Available: Deploy & manage long-running, stateful Agents",https://www.langchain.com/blog/langgraph-platform-ga,2025-05-14,LangChain,TRUE,
lc-r-langgraph-release-week-recap,langchain,USA,research,LangGraph Release Week Recap,https://www.langchain.com/blog/langgraph-release-week-recap,2025-06-09,LangChain,TRUE,
lc-r-langgraph-studio-the-first-agent-ide,langchain,USA,research,LangGraph Studio: The first agent IDE,https://www.langchain.com/blog/langgraph-studio-the-first-agent-ide,2024-08-01,LangChain,TRUE,
lc-r-langgraph-v0-2,langchain,USA,research,LangGraph v0.2: Increased customization with new checkpointer libraries,https://www.langchain.com/blog/langgraph-v0-2,2024-08-07,LangChain,TRUE,
lc-r-langmem-sdk-launch,langchain,USA,research,LangMem SDK for agent long-term memory,https://www.langchain.com/blog/langmem-sdk-launch,2025-02-18,LangChain,TRUE,
lc-r-langserve-playground-and-configurability,langchain,USA,research,LangServe Playground and Configurability,https://www.langchain.com/blog/langserve-playground-and-configurability,2023-10-19,LangChain,TRUE,
lc-r-langsmith-agent-builder,langchain,USA,research,Introducing LangSmith’s No Code Agent Builder,https://www.langchain.com/blog/langsmith-agent-builder,2025-10-29,LangChain,TRUE,
lc-r-langsmith-agent-builder-generally-available,langchain,USA,research,Now GA: LangSmith Agent Builder,https://www.langchain.com/blog/langsmith-agent-builder-generally-available,2026-01-13,LangChain,TRUE,
lc-r-langsmith-agent-builder-now-in-public-beta,langchain,USA,research,LangSmith Agent Builder now in Public Beta,https://www.langchain.com/blog/langsmith-agent-builder-now-in-public-beta,2025-12-02,LangChain,TRUE,
lc-r-langsmith-alerts,langchain,USA,research,Catch production failures early with LangSmith Alerts,https://www.langchain.com/blog/langsmith-alerts,2025-04-22,LangChain,TRUE,
lc-r-langsmith-cli-skills,langchain,USA,research,LangSmith CLI & Skills,https://www.langchain.com/blog/langsmith-cli-skills,2026-03-04,LangChain,TRUE,
lc-r-langsmith-ga,langchain,USA,research,Announcing the General Availability of LangSmith and Our Series A Led By Sequoia Capital,https://www.langchain.com/blog/langsmith-ga,2024-02-15,LangChain,TRUE,
lc-r-langsmith-homepage-redesign-and-resource-tags,langchain,USA,research,LangSmith: Redesigned product homepage and Resource Tags for better organization,https://www.langchain.com/blog/langsmith-homepage-redesign-and-resource-tags,2024-11-19,LangChain,TRUE,
lc-r-langsmith-incident-on-may-1-2025,langchain,USA,research,"LangSmith Incident on May 1, 2025",https://www.langchain.com/blog/langsmith-incident-on-may-1-2025,2025-05-01,LangChain,TRUE,
lc-r-langsmith-is-now-available-in-google-cloud-marketplace,langchain,USA,research,LangSmith is Now Available in Google Cloud Marketplace,https://www.langchain.com/blog/langsmith-is-now-available-in-google-cloud-marketplace,2026-02-09,LangChain,TRUE,
lc-r-langsmith-production-logging-automations,langchain,USA,research,LangSmith: Production Monitoring & Automations,https://www.langchain.com/blog/langsmith-production-logging-automations,2024-04-02,LangChain,TRUE,
lc-r-launching-langgraph-templates,langchain,USA,research,Launching LangGraph Templates,https://www.langchain.com/blog/launching-langgraph-templates,2024-09-19,LangChain,TRUE,
lc-r-launching-long-term-memory-support-in-langgraph,langchain,USA,research,Launching Long-Term Memory Support in LangGraph,https://www.langchain.com/blog/launching-long-term-memory-support-in-langgraph,2024-10-08,LangChain,TRUE,
lc-r-lepton-x-langchain-earning-sage,langchain,USA,research,"Lepton x LangChain: Earning Sage, How to Transform AI into a Savvy CFO",https://www.langchain.com/blog/lepton-x-langchain-earning-sage,2023-07-24,LangChain,TRUE,
lc-r-llms-accelerate-adyens-support-team-through-smart-ticket-routing-and-support-agent-copilot,langchain,USA,research,LLMs accelerate Adyen's support team through smart-ticket routing and support agent copilot,https://www.langchain.com/blog/llms-accelerate-adyens-support-team-through-smart-ticket-routing-and-support-agent-copilot,2023-11-28,LangChain,TRUE,
lc-r-llms-and-sql,langchain,USA,research,LLMs and SQL,https://www.langchain.com/blog/llms-and-sql,2023-03-13,LangChain,TRUE,
lc-r-llms-to-improve-documentation,langchain,USA,research,Analyzing User Interactions with LLMs to Improve our Documentation,https://www.langchain.com/blog/llms-to-improve-documentation,2023-07-13,LangChain,TRUE,
lc-r-making-data-ingestion-production-ready-a-langchain-powered-airbyte-destination,langchain,USA,research,Making Data Ingestion Production Ready: a LangChain-Powered Airbyte Destination,https://www.langchain.com/blog/making-data-ingestion-production-ready-a-langchain-powered-airbyte-destination,2023-08-08,LangChain,TRUE,
lc-r-making-it-easier-to-build-human-in-the-loop-agents-with-interrupt,langchain,USA,research,Making it easier to build human-in-the-loop agents with interrupt,https://www.langchain.com/blog/making-it-easier-to-build-human-in-the-loop-agents-with-interrupt,2024-12-14,LangChain,TRUE,
lc-r-march-2026-langchain-newsletter,langchain,USA,research,March 2026: LangChain Newsletter,https://www.langchain.com/blog/march-2026-langchain-newsletter,2026-04-01,LangChain,TRUE,
lc-r-mcp-fad-or-fixture,langchain,USA,research,MCP: Flash in the Pan or Future Standard?,https://www.langchain.com/blog/mcp-fad-or-fixture,2025-03-08,LangChain,TRUE,
lc-r-meet-connery-an-open-source-plugin-infrastructure-for-opengpts-and-llm-apps,langchain,USA,research,Meet Connery: An Open-Source Plugin Infrastructure for OpenGPTs and LLM apps,https://www.langchain.com/blog/meet-connery-an-open-source-plugin-infrastructure-for-opengpts-and-llm-apps,2024-02-07,LangChain,TRUE,
lc-r-memory-for-agents,langchain,USA,research,Memory for agents,https://www.langchain.com/blog/memory-for-agents,2024-10-19,LangChain,TRUE,
lc-r-mental-health-therapy-as-an-llm-state-machine,langchain,USA,research,Mental Health Therapy as an LLM State Machine,https://www.langchain.com/blog/mental-health-therapy-as-an-llm-state-machine,2024-01-26,LangChain,TRUE,
lc-r-morningstar-intelligence-engine-puts-personalized-investment-insights-at-analysts-fingertips,langchain,USA,research,Morningstar Intelligence Engine puts personalized investment insights at analysts' fingertips,https://www.langchain.com/blog/morningstar-intelligence-engine-puts-personalized-investment-insights-at-analysts-fingertips,2023-11-14,LangChain,TRUE,
lc-r-multi-modal-rag-template,langchain,USA,research,Multi-modal RAG on slide decks,https://www.langchain.com/blog/multi-modal-rag-template,2023-12-06,LangChain,TRUE,
lc-r-multi-needle-in-a-haystack,langchain,USA,research,Multi Needle in a Haystack,https://www.langchain.com/blog/multi-needle-in-a-haystack,2024-03-13,LangChain,TRUE,
lc-r-multion-x-langchain-powering-next-gen-web-automation-navigation-with-ai,langchain,USA,research,MultiOn x LangChain: Powering Next-Gen Web Automation & Navigation with AI,https://www.langchain.com/blog/multion-x-langchain-powering-next-gen-web-automation-navigation-with-ai,2023-08-15,LangChain,TRUE,
lc-r-neo4j-x-langchain-new-vector-index,langchain,USA,research,Neo4j x LangChain: Deep dive into the new Vector index implementation,https://www.langchain.com/blog/neo4j-x-langchain-new-vector-index,2023-09-07,LangChain,TRUE,
lc-r-neon-x-langchainhnsw-in-postgres-with-pg-embedding,langchain,USA,research,Neon x LangChain: HNSW in Postgres with pg_embedding,https://www.langchain.com/blog/neon-x-langchainhnsw-in-postgres-with-pg-embedding,2023-07-12,LangChain,TRUE,
lc-r-neum-x-langchain,langchain,USA,research,NeumAI x LangChain: Efficiently maintaining context in sync for AI applications,https://www.langchain.com/blog/neum-x-langchain,2023-08-09,LangChain,TRUE,
lc-r-new-in-agent-builder-all-new-agent-chat-file-uploads-tool-registry,langchain,USA,research,"New in Agent Builder: all new agent chat, file uploads + tool registry",https://www.langchain.com/blog/new-in-agent-builder-all-new-agent-chat-file-uploads-tool-registry,2026-02-18,LangChain,TRUE,
lc-r-not-another-workflow-builder,langchain,USA,research,Not Another Workflow Builder,https://www.langchain.com/blog/not-another-workflow-builder,2025-10-07,LangChain,TRUE,
lc-r-nvidia-enterprise,langchain,USA,research,LangChain Announces Enterprise Agentic AI Platform Built with NVIDIA,https://www.langchain.com/blog/nvidia-enterprise,2026-03-16,LangChain,TRUE,
lc-r-nvidia-nim,langchain,USA,research,LangChain Integrates NVIDIA NIM for GPU-optimized LLM Inference in RAG,https://www.langchain.com/blog/nvidia-nim,2024-03-18,LangChain,TRUE,
lc-r-on-agent-frameworks-and-agent-observability,langchain,USA,research,On Agent Frameworks and Agent Observability,https://www.langchain.com/blog/on-agent-frameworks-and-agent-observability,2026-02-12,LangChain,TRUE,
lc-r-opaqueprompts-x-langchain-enhance-the-privacy-of-your-langchain-application-with-just-one-code-change,langchain,USA,research,OpaquePrompts x LangChain: Enhance the privacy of your LangChain application with just one code change,https://www.langchain.com/blog/opaqueprompts-x-langchain-enhance-the-privacy-of-your-langchain-application-with-just-one-code-change,2023-09-12,LangChain,TRUE,
lc-r-open-deep-research,langchain,USA,research,Open Deep Research,https://www.langchain.com/blog/open-deep-research,2025-07-16,LangChain,TRUE,
lc-r-open-models-have-crossed-a-threshold,langchain,USA,research,Open Models have crossed a threshold,https://www.langchain.com/blog/open-models-have-crossed-a-threshold,2026-04-02,LangChain,TRUE,
lc-r-open-source-extraction-service,langchain,USA,research,Open Source Extraction Service,https://www.langchain.com/blog/open-source-extraction-service,2024-03-26,LangChain,TRUE,
lc-r-openais-bet-on-a-cognitive-architecture,langchain,USA,research,OpenAI's Bet on a Cognitive Architecture,https://www.langchain.com/blog/openais-bet-on-a-cognitive-architecture,2023-11-28,LangChain,TRUE,
lc-r-opengpts,langchain,USA,research,OpenGPTs,https://www.langchain.com/blog/opengpts,2024-01-31,LangChain,TRUE,
lc-r-opentelemetry-langsmith,langchain,USA,research,Introducing OpenTelemetry support for LangSmith,https://www.langchain.com/blog/opentelemetry-langsmith,2024-12-09,LangChain,TRUE,
lc-r-origin-web-browser,langchain,USA,research,Origin Web Browser,https://www.langchain.com/blog/origin-web-browser,2023-03-08,LangChain,TRUE,
lc-r-our-docs-test-themselves,langchain,USA,research,How We Made Our Docs Test Themselves,https://www.langchain.com/blog/our-docs-test-themselves,2026-04-15,LangChain,TRUE,
lc-r-pairwise-evaluations-with-langsmith,langchain,USA,research,Pairwise Evaluations with LangSmith,https://www.langchain.com/blog/pairwise-evaluations-with-langsmith,2024-05-15,LangChain,TRUE,
lc-r-parallel-function-calling-extraction,langchain,USA,research,Parallel Function Calling for Structured Data Extraction,https://www.langchain.com/blog/parallel-function-calling-extraction,2023-11-09,LangChain,TRUE,
lc-r-peering-into-the-soul-of-ai-decision-making-with-langsmith,langchain,USA,research,Peering Into the Soul of AI Decision-Making with LangSmith,https://www.langchain.com/blog/peering-into-the-soul-of-ai-decision-making-with-langsmith,2023-09-20,LangChain,TRUE,
lc-r-pinecone-serverless,langchain,USA,research,Build and deploy a RAG app with Pinecone Serverless,https://www.langchain.com/blog/pinecone-serverless,2024-01-16,LangChain,TRUE,
lc-r-plan-and-execute-agents,langchain,USA,research,Plan-and-Execute Agents,https://www.langchain.com/blog/plan-and-execute-agents,2023-05-10,LangChain,TRUE,
lc-r-planning-agents,langchain,USA,research,Plan-and-Execute Agents,https://www.langchain.com/blog/planning-agents,2024-02-13,LangChain,TRUE,
lc-r-planning-for-agents,langchain,USA,research,Planning for Agents,https://www.langchain.com/blog/planning-for-agents,2024-07-20,LangChain,TRUE,
lc-r-polly-langsmith-ga,langchain,USA,research,Polly is generally available everywhere you work in LangSmith,https://www.langchain.com/blog/polly-langsmith-ga,2026-03-18,LangChain,TRUE,
lc-r-prem-challenge-with-langchain,langchain,USA,research,🎉 Prem Challenge🎉,https://www.langchain.com/blog/prem-challenge-with-langchain,2023-06-26,LangChain,TRUE,
lc-r-previewing-interrupt-2026-agents-at-enterprise-scale,langchain,USA,research,Previewing Interrupt 2026: Agents at Enterprise Scale,https://www.langchain.com/blog/previewing-interrupt-2026-agents-at-enterprise-scale,2026-04-09,LangChain,TRUE,
lc-r-prompt-selectors,langchain,USA,research,Prompt Selectors,https://www.langchain.com/blog/prompt-selectors,2023-03-08,LangChain,TRUE,
lc-r-promptim,langchain,USA,research,Promptim: an experimental library for prompt optimization,https://www.langchain.com/blog/promptim,2024-11-13,LangChain,TRUE,
lc-r-public-langsmith-benchmarks,langchain,USA,research,Sharing LangSmith Benchmarks,https://www.langchain.com/blog/public-langsmith-benchmarks,2023-11-22,LangChain,TRUE,
lc-r-pytest-and-vitest-for-langsmith-evals,langchain,USA,research,Introducing Pytest and Vitest integrations for LangSmith Evaluations,https://www.langchain.com/blog/pytest-and-vitest-for-langsmith-evals,2025-01-22,LangChain,TRUE,
lc-r-qdrant-x-langchain-endgame-performance,langchain,USA,research,Qdrant x LangChain: Endgame Performance,https://www.langchain.com/blog/qdrant-x-langchain-endgame-performance,2023-08-16,LangChain,TRUE,
lc-r-query-construction,langchain,USA,research,Query Construction,https://www.langchain.com/blog/query-construction,2023-11-14,LangChain,TRUE,
lc-r-query-transformations,langchain,USA,research,Query Transformations,https://www.langchain.com/blog/query-transformations,2023-10-24,LangChain,TRUE,
lc-r-react-agent-benchmarking,langchain,USA,research,Benchmarking Single Agent Performance,https://www.langchain.com/blog/react-agent-benchmarking,2025-02-10,LangChain,TRUE,
lc-r-realchar-x-langsmith-ai-companions,langchain,USA,research,RealChar x LangSmith: Using Open Source tools to create an AI companion,https://www.langchain.com/blog/realchar-x-langsmith-ai-companions,2023-07-24,LangChain,TRUE,
lc-r-rebuff,langchain,USA,research,Rebuff: Detecting Prompt Injection Attacks,https://www.langchain.com/blog/rebuff,2023-05-14,LangChain,TRUE,
lc-r-rebuilding-chat-langchain,langchain,USA,research,Why We Rebuilt LangChain’s Chatbot and What We Learned,https://www.langchain.com/blog/rebuilding-chat-langchain,2025-11-05,LangChain,TRUE,
lc-r-recalign-the-smart-content-filter-for-social-media-feed,langchain,USA,research,RecAlign - The smart content filter for social media feed,https://www.langchain.com/blog/recalign-the-smart-content-filter-for-social-media-feed,2023-04-22,LangChain,TRUE,
lc-r-reflection-agents,langchain,USA,research,Reflection Agents,https://www.langchain.com/blog/reflection-agents,2024-02-21,LangChain,TRUE,
lc-r-regression-testing,langchain,USA,research,Regression Testing with LangSmith,https://www.langchain.com/blog/regression-testing,2024-05-01,LangChain,TRUE,
lc-r-retrieval,langchain,USA,research,Retrieval,https://www.langchain.com/blog/retrieval,2023-03-23,LangChain,TRUE,
lc-r-reusable-langsmith-evaluator-templates,langchain,USA,research,Reusable Evaluators and Evaluator Templates in LangSmith,https://www.langchain.com/blog/reusable-langsmith-evaluator-templates,2026-04-16,LangChain,TRUE,
lc-r-robocorps-code-gen-assistant-makes-building-python-automation-easy-for-developers,langchain,USA,research,Robocorp’s code generation assistant makes building Python automation easy for developers,https://www.langchain.com/blog/robocorps-code-gen-assistant-makes-building-python-automation-easy-for-developers,2023-10-22,LangChain,TRUE,
lc-r-rubric-labs-graphite-personalized-video-at-scale,langchain,USA,research,How Rubric Labs and Graphite leveraged LLMs to create personalized videos at scale,https://www.langchain.com/blog/rubric-labs-graphite-personalized-video-at-scale,2023-12-19,LangChain,TRUE,
lc-r-running-subagents-in-the-background,langchain,USA,research,Running Subagents in the Background,https://www.langchain.com/blog/running-subagents-in-the-background,2026-04-16,LangChain,TRUE,
lc-r-scipe-systematic-chain-improvement-and-problem-evaluation,langchain,USA,research,SCIPE - Systematic Chain Improvement and Problem Evaluation,https://www.langchain.com/blog/scipe-systematic-chain-improvement-and-problem-evaluation,2024-11-07,LangChain,TRUE,
lc-r-secure-agents-cisco-ai-defense,langchain,USA,research,A Developer’s First 10 Minutes: Secure LangChain Agents with Cisco AI Defense,https://www.langchain.com/blog/secure-agents-cisco-ai-defense,2026-04-16,LangChain,TRUE,
lc-r-self-learning-gpts,langchain,USA,research,Using Feedback to Improve Your Application: Self Learning GPTs,https://www.langchain.com/blog/self-learning-gpts,2024-03-20,LangChain,TRUE,
lc-r-semantic-search-for-langgraph-memory,langchain,USA,research,Semantic Search for LangGraph Memory,https://www.langchain.com/blog/semantic-search-for-langgraph-memory,2024-12-05,LangChain,TRUE,
lc-r-semi-structured-multi-modal-rag,langchain,USA,research,"Multi-Vector Retriever for RAG on tables, text, and images",https://www.langchain.com/blog/semi-structured-multi-modal-rag,2023-10-20,LangChain,TRUE,
lc-r-series-b,langchain,USA,research,LangChain raises $125M to build the platform for agent engineering,https://www.langchain.com/blog/series-b,2025-10-20,LangChain,TRUE,
lc-r-skills-in-langsmith-fleet,langchain,USA,research,Skills in LangSmith Fleet,https://www.langchain.com/blog/skills-in-langsmith-fleet,2026-03-25,LangChain,TRUE,
lc-r-spade-automatically-digging-up-evals-based-on-prompt-refinements,langchain,USA,research,♠️ SPADE: Automatically Digging up Evals based on Prompt Refinements,https://www.langchain.com/blog/spade-automatically-digging-up-evals-based-on-prompt-refinements,2023-11-08,LangChain,TRUE,
lc-r-standard-message-content,langchain,USA,research,Standard message content,https://www.langchain.com/blog/standard-message-content,2025-09-03,LangChain,TRUE,
lc-r-streaming-support-in-langchain,langchain,USA,research,Streaming Support in LangChain,https://www.langchain.com/blog/streaming-support-in-langchain,2023-02-14,LangChain,TRUE,
lc-r-streamlit-llm-hackathon-kickoff-and-projects-wed-love-to-see-2,langchain,USA,research,Streamlit LLM Hackathon Kickoff (and projects we’d love to see),https://www.langchain.com/blog/streamlit-llm-hackathon-kickoff-and-projects-wed-love-to-see-2,2023-09-05,LangChain,TRUE,
lc-r-structured-report-generation-blueprint,langchain,USA,research,Structured Report Generation Blueprint with NVIDIA AI,https://www.langchain.com/blog/structured-report-generation-blueprint,2025-01-06,LangChain,TRUE,
lc-r-structured-tools,langchain,USA,research,Structured Tools,https://www.langchain.com/blog/structured-tools,2023-05-02,LangChain,TRUE,
lc-r-student-hacker-in-residence-fall-23,langchain,USA,research,"Announcing our Student Hacker in Residence Program, Fall '23 Semester",https://www.langchain.com/blog/student-hacker-in-residence-fall-23,2023-09-06,LangChain,TRUE,
lc-r-summarizing-and-querying-data-from-excel-spreadsheets-using-eparse-and-a-large-language-model,langchain,USA,research,Summarizing and Querying Data from Excel Spreadsheets Using eparse and a Large Language Model,https://www.langchain.com/blog/summarizing-and-querying-data-from-excel-spreadsheets-using-eparse-and-a-large-language-model,2023-08-24,LangChain,TRUE,
lc-r-supercharging-if-statements-with-prompt-classification-using-ollama-and-langchain,langchain,USA,research,Supercharging If-Statements With Prompt Classification Using Ollama and LangChain,https://www.langchain.com/blog/supercharging-if-statements-with-prompt-classification-using-ollama-and-langchain,2024-02-19,LangChain,TRUE,
lc-r-syncing-data-sources-to-vector-stores,langchain,USA,research,Syncing data sources to vector stores,https://www.langchain.com/blog/syncing-data-sources-to-vector-stores,2023-09-06,LangChain,TRUE,
lc-r-ted-ai-hackathon-kickoff,langchain,USA,research,TED AI Hackathon Kickoff (and projects we’d love to see),https://www.langchain.com/blog/ted-ai-hackathon-kickoff,2023-09-18,LangChain,TRUE,
lc-r-test-run-comparisons,langchain,USA,research,Test Run Comparisons,https://www.langchain.com/blog/test-run-comparisons,2023-10-17,LangChain,TRUE,
lc-r-testing-fine-tuned-open-source-models-in-langsmith,langchain,USA,research,Testing Fine Tuned Open Source Models in LangSmith,https://www.langchain.com/blog/testing-fine-tuned-open-source-models-in-langsmith,2023-10-16,LangChain,TRUE,
lc-r-the-anatomy-of-an-agent-harness,langchain,USA,research,The Anatomy of an Agent Harness,https://www.langchain.com/blog/the-anatomy-of-an-agent-harness,2026-03-10,LangChain,TRUE,
lc-r-the-hidden-metric-that-determines-ai-product-success,langchain,USA,research,The Hidden Metric That Determines AI Product Success,https://www.langchain.com/blog/the-hidden-metric-that-determines-ai-product-success,2025-06-12,LangChain,TRUE,
lc-r-the-new-langchain-architecture-langchain-core-v0-1-langchain-community-and-a-path-to-langchain-v0-1,langchain,USA,research,Towards LangChain 0.1: LangChain-Core and LangChain-Community,https://www.langchain.com/blog/the-new-langchain-architecture-langchain-core-v0-1-langchain-community-and-a-path-to-langchain-v0-1,2023-12-12,LangChain,TRUE,
lc-r-the-prompt-landscape,langchain,USA,research,The Prompt Landscape,https://www.langchain.com/blog/the-prompt-landscape,2023-10-18,LangChain,TRUE,
lc-r-the-rise-of-context-engineering,langchain,USA,research,"The rise of ""context engineering""",https://www.langchain.com/blog/the-rise-of-context-engineering,2025-06-23,LangChain,TRUE,
lc-r-the-two-patterns-by-which-agents-connect-sandboxes,langchain,USA,research,The two patterns by which agents connect sandboxes,https://www.langchain.com/blog/the-two-patterns-by-which-agents-connect-sandboxes,2026-02-10,LangChain,TRUE,
lc-r-three-years-langchain,langchain,USA,research,Reflections on Three Years of Building LangChain,https://www.langchain.com/blog/three-years-langchain,2025-10-20,LangChain,TRUE,
lc-r-timescale-vector-x-langchain-making-postgresql-a-better-vector-database-for-ai-applications,langchain,USA,research,Timescale Vector x LangChain: Making PostgreSQL A Better Vector Database for AI Applications,https://www.langchain.com/blog/timescale-vector-x-langchain-making-postgresql-a-better-vector-database-for-ai-applications,2023-09-24,LangChain,TRUE,
lc-r-titantakeoff-x-langchain-supercharged-local-inference-for-llms-2,langchain,USA,research,TitanTakeoff x LangChain: Supercharged Local Inference for LLMs,https://www.langchain.com/blog/titantakeoff-x-langchain-supercharged-local-inference-for-llms-2,2023-08-30,LangChain,TRUE,
lc-r-tool-calling-with-langchain,langchain,USA,research,Tool Calling with LangChain,https://www.langchain.com/blog/tool-calling-with-langchain,2024-04-11,LangChain,TRUE,
lc-r-top-5-langgraph-agents-in-production-2024,langchain,USA,research,Top 5 LangGraph Agents in Production 2024,https://www.langchain.com/blog/top-5-langgraph-agents-in-production-2024,2024-12-31,LangChain,TRUE,
lc-r-tracing,langchain,USA,research,Tracing,https://www.langchain.com/blog/tracing,2023-01-29,LangChain,TRUE,
lc-r-transforming-mortgage-ops-with-langchain-langsmith,langchain,USA,research,Transforming Mortgage Ops with LangChain & LangSmith,https://www.langchain.com/blog/transforming-mortgage-ops-with-langchain-langsmith,2023-12-05,LangChain,TRUE,
lc-r-tutorial-chatgpt-over-your-data,langchain,USA,research,Tutorial: ChatGPT Over Your Data,https://www.langchain.com/blog/tutorial-chatgpt-over-your-data,2023-02-05,LangChain,TRUE,
lc-r-two-different-types-of-agent-authorization,langchain,USA,research,Two different types of agent authorization,https://www.langchain.com/blog/two-different-types-of-agent-authorization,2026-03-23,LangChain,TRUE,
lc-r-typescript-support,langchain,USA,research,TypeScript Support,https://www.langchain.com/blog/typescript-support,2023-02-17,LangChain,TRUE,
lc-r-unify-launches-agents-for-account-qualification-using-langgraph-and-langsmith,langchain,USA,research,Unify Launches Agents for Account Qualification using LangGraph and LangSmith,https://www.langchain.com/blog/unify-launches-agents-for-account-qualification-using-langgraph-and-langsmith,2024-10-08,LangChain,TRUE,
lc-r-unifying-ai-endpoints-with-genoss,langchain,USA,research,"Unifying AI endpoints with Genoss, powered by LangChain",https://www.langchain.com/blog/unifying-ai-endpoints-with-genoss,2023-08-02,LangChain,TRUE,
lc-r-unleashing-the-power-of-ai-collaboration-with-parallelized-llm-agent-actor-trees,langchain,USA,research,Unleashing the power of AI Collaboration with Parallelized LLM Agent Actor Trees,https://www.langchain.com/blog/unleashing-the-power-of-ai-collaboration-with-parallelized-llm-agent-actor-trees,2023-04-28,LangChain,TRUE,
lc-r-use-case-accelerant-extraction-service,langchain,USA,research,Use Case Accelerant: Extraction Service,https://www.langchain.com/blog/use-case-accelerant-extraction-service,2024-03-06,LangChain,TRUE,
lc-r-using-a-knowledge-graph-to-implement-a-devops-rag-application,langchain,USA,research,Using a Knowledge Graph to implement a DevOps RAG application,https://www.langchain.com/blog/using-a-knowledge-graph-to-implement-a-devops-rag-application,2023-10-04,LangChain,TRUE,
lc-r-using-chatgpt-api-to-evaluate-chatgpt,langchain,USA,research,Using the ChatGPT API to evaluate the ChatGPT API,https://www.langchain.com/blog/using-chatgpt-api-to-evaluate-chatgpt,2023-03-02,LangChain,TRUE,
lc-r-using-langsmith-to-support-fine-tuning-of-open-source-llms,langchain,USA,research,Using LangSmith to Support Fine-tuning,https://www.langchain.com/blog/using-langsmith-to-support-fine-tuning-of-open-source-llms,2023-08-23,LangChain,TRUE,
lc-r-using-skills-with-deep-agents,langchain,USA,research,Using skills with Deep Agents,https://www.langchain.com/blog/using-skills-with-deep-agents,2025-11-25,LangChain,TRUE,
lc-r-ux-for-agents-part-1-chat-2,langchain,USA,research,"UX for Agents, Part 1: Chat",https://www.langchain.com/blog/ux-for-agents-part-1-chat-2,2024-07-26,LangChain,TRUE,
lc-r-ux-for-agents-part-2-ambient,langchain,USA,research,"UX for Agents, Part 2: Ambient",https://www.langchain.com/blog/ux-for-agents-part-2-ambient,2024-08-02,LangChain,TRUE,
lc-r-ux-for-agents-part-3,langchain,USA,research,"UX for Agents, Part 3: Spreadsheet, Generative, and Collaborative UI/UX",https://www.langchain.com/blog/ux-for-agents-part-3,2024-08-10,LangChain,TRUE,
lc-r-villagers-x-langsmith-simulating-multi-agent-social-networks,langchain,USA,research,Villagers x LangSmith: Simulating multi-agent social networks with LangSmith,https://www.langchain.com/blog/villagers-x-langsmith-simulating-multi-agent-social-networks,2023-08-10,LangChain,TRUE,
lc-r-voyage-embeddings-in-langchain-and-chat-langchain,langchain,USA,research,Embeddings Drive the Quality of RAG: Voyage AI in Chat LangChain,https://www.langchain.com/blog/voyage-embeddings-in-langchain-and-chat-langchain,2023-11-02,LangChain,TRUE,
lc-r-weblangchain,langchain,USA,research,Building (and Breaking) WebLangChain,https://www.langchain.com/blog/weblangchain,2023-10-04,LangChain,TRUE,
lc-r-week-of-7-8-langchain-release-notes,langchain,USA,research,[Week of 7/8] LangChain Release Notes,https://www.langchain.com/blog/week-of-7-8-langchain-release-notes,2024-07-12,LangChain,TRUE,
lc-r-what-is-a-cognitive-architecture,langchain,USA,research,"What is a ""cognitive architecture""?",https://www.langchain.com/blog/what-is-a-cognitive-architecture,2024-07-05,LangChain,TRUE,
lc-r-what-is-an-agent,langchain,USA,research,What is an AI agent?,https://www.langchain.com/blog/what-is-an-agent,2024-06-28,LangChain,TRUE,
lc-r-why-agent-infrastructure,langchain,USA,research,Why agent infrastructure matters,https://www.langchain.com/blog/why-agent-infrastructure,2025-07-27,LangChain,TRUE,
lc-r-why-langgraph-platform,langchain,USA,research,Why do I need LangGraph Platform for agent deployment?,https://www.langchain.com/blog/why-langgraph-platform,2025-05-22,LangChain,TRUE,
lc-r-why-you-should-outsource-your-agentic-infrastructure-but-own-your-cognitive-architecture,langchain,USA,research,"Why you should outsource your agentic infrastructure, but own your cognitive architecture",https://www.langchain.com/blog/why-you-should-outsource-your-agentic-infrastructure-but-own-your-cognitive-architecture,2024-07-13,LangChain,TRUE,
lc-r-winning-in-ai-means-mastering-the-new-stack,langchain,USA,research,Winning in AI means mastering the new stack,https://www.langchain.com/blog/winning-in-ai-means-mastering-the-new-stack,2024-02-16,LangChain,TRUE,
lc-r-workspaces-in-langsmith,langchain,USA,research,Workspaces in LangSmith for improved collaboration and organization,https://www.langchain.com/blog/workspaces-in-langsmith,2024-06-13,LangChain,TRUE,
lc-r-xata-x-langchain-new-vector-store-and-memory-store-integrations,langchain,USA,research,Xata x LangChain: new vector store and memory store integrations,https://www.langchain.com/blog/xata-x-langchain-new-vector-store-and-memory-store-integrations,2023-08-29,LangChain,TRUE,
lc-r-you-com-x-langchain,langchain,USA,research,You.com x LangChain,https://www.langchain.com/blog/you-com-x-langchain,2023-10-18,LangChain,TRUE,
lc-r-you-dont-know-what-your-agent-will-do-until-its-in-production,langchain,USA,research,You don’t know what your agent will do until it’s in production,https://www.langchain.com/blog/you-dont-know-what-your-agent-will-do-until-its-in-production,2026-02-25,LangChain,TRUE,
lc-r-your-harness-your-memory,langchain,USA,research,"Your harness, your memory",https://www.langchain.com/blog/your-harness-your-memory,2026-04-11,LangChain,TRUE,
lc-r-zep-x-langchain-slow-chatbots,langchain,USA,research,Zep x LangChain: Diagnosing and Fixing Slow Chatbots,https://www.langchain.com/blog/zep-x-langchain-slow-chatbots,2023-07-26,LangChain,TRUE,
lc-r-zep-x-langsmith-foundations-of-llm-app-development-with-langchain-js-and-zep,langchain,USA,research,Zep x LangSmith: Foundations of LLM app development with LangChain.js and Zep,https://www.langchain.com/blog/zep-x-langsmith-foundations-of-llm-app-development-with-langchain-js-and-zep,2023-08-17,LangChain,TRUE,
