id,company,track,title,url,publish_date,authors,in_scope,scope_reason
dm-r-2017-deepminds-year-in-review,deepmind,research,2017 Deepminds Year In Review,https://deepmind.google/discover/blog/2017-deepminds-year-in-review/,,,TRUE,
dm-r-2023-a-year-of-groundbreaking-advances-in-ai-and-computing,deepmind,research,2023 A Year Of Groundbreaking Advances In Ai And Computing,https://deepmind.google/discover/blog/2023-a-year-of-groundbreaking-advances-in-ai-and-computing/,,,TRUE,
dm-r-a-catalogue-of-genetic-mutations-to-help-pinpoint-the-cause-of-diseases,deepmind,research,A Catalogue Of Genetic Mutations To Help Pinpoint The Cause Of Diseases,https://deepmind.google/discover/blog/a-catalogue-of-genetic-mutations-to-help-pinpoint-the-cause-of-diseases/,,,TRUE,
dm-r-a-generalist-agent,deepmind,research,A Generalist Agent,https://deepmind.google/discover/blog/a-generalist-agent/,,,TRUE,
dm-r-a-glimpse-of-the-next-generation-of-alphafold,deepmind,research,A Glimpse Of The Next Generation Of Alphafold,https://deepmind.google/discover/blog/a-glimpse-of-the-next-generation-of-alphafold/,,,TRUE,
dm-r-a-major-milestone-for-the-treatment-of-eye-disease,deepmind,research,A Major Milestone For The Treatment Of Eye Disease,https://deepmind.google/discover/blog/a-major-milestone-for-the-treatment-of-eye-disease/,,,TRUE,
dm-r-a-milestone-for-deepmind-health-and-streams,deepmind,research,A Milestone For Deepmind Health And Streams,https://deepmind.google/discover/blog/a-milestone-for-deepmind-health-and-streams/,,,TRUE,
dm-r-a-neural-approach-to-relational-reasoning,deepmind,research,A Neural Approach To Relational Reasoning,https://deepmind.google/discover/blog/a-neural-approach-to-relational-reasoning/,,,TRUE,
dm-r-a-new-generation-of-african-talent-brings-cutting-edge-ai-to-scientific-challenges,deepmind,research,A New Generation Of African Talent Brings Cutting Edge Ai To Scientific Challenges,https://deepmind.google/discover/blog/a-new-generation-of-african-talent-brings-cutting-edge-ai-to-scientific-challenges/,,,TRUE,
dm-r-a-new-model-and-dataset-for-long-range-memory,deepmind,research,A New Model And Dataset For Long Range Memory,https://deepmind.google/discover/blog/a-new-model-and-dataset-for-long-range-memory/,,,TRUE,
dm-r-a-return-to-paris,deepmind,research,A Return To Paris,https://deepmind.google/discover/blog/a-return-to-paris/,,,TRUE,
dm-r-accelerating-fusion-science-through-learned-plasma-control,deepmind,research,Accelerating Fusion Science Through Learned Plasma Control,https://deepmind.google/discover/blog/accelerating-fusion-science-through-learned-plasma-control/,,,TRUE,
dm-r-accelerating-the-race-against-antibiotic-resistance,deepmind,research,Accelerating The Race Against Antibiotic Resistance,https://deepmind.google/discover/blog/accelerating-the-race-against-antibiotic-resistance/,,,TRUE,
dm-r-acme-a-new-framework-for-distributed-reinforcement-learning,deepmind,research,Acme A New Framework For Distributed Reinforcement Learning,https://deepmind.google/discover/blog/acme-a-new-framework-for-distributed-reinforcement-learning/,,,TRUE,
dm-r-active-offline-policy-selection,deepmind,research,Active Offline Policy Selection,https://deepmind.google/discover/blog/active-offline-policy-selection/,,,TRUE,
dm-r-advanced-machine-learning-helps-play-store-users-discover-personalised-apps,deepmind,research,Advanced Machine Learning Helps Play Store Users Discover Personalised Apps,https://deepmind.google/discover/blog/advanced-machine-learning-helps-play-store-users-discover-personalised-apps/,,,TRUE,
dm-r-advanced-version-of-gemini-with-deep-think-officially-achieves-gold-medal-standard-at-the-international-mathematical-olympiad,deepmind,research,Advanced Version Of Gemini With Deep Think Officially Achieves Gold Medal Standard At The International Mathematical Olympiad,https://deepmind.google/discover/blog/advanced-version-of-gemini-with-deep-think-officially-achieves-gold-medal-standard-at-the-international-mathematical-olympiad/,,,TRUE,
dm-r-advances-in-robot-dexterity,deepmind,research,Advances In Robot Dexterity,https://deepmind.google/discover/blog/advances-in-robot-dexterity/,,,TRUE,
dm-r-advancing-conservation-with-ai-based-facial-recognition-of-turtles,deepmind,research,Advancing Conservation With Ai Based Facial Recognition Of Turtles,https://deepmind.google/discover/blog/advancing-conservation-with-ai-based-facial-recognition-of-turtles/,,,TRUE,
dm-r-advancing-discovery-of-better-drugs-and-medicine,deepmind,research,Advancing Discovery Of Better Drugs And Medicine,https://deepmind.google/discover/blog/advancing-discovery-of-better-drugs-and-medicine/,,,TRUE,
dm-r-advancing-geminis-security-safeguards,deepmind,research,Advancing Geminis Security Safeguards,https://deepmind.google/discover/blog/advancing-geminis-security-safeguards/,,,TRUE,
dm-r-advancing-sports-analytics-through-ai-research,deepmind,research,Advancing Sports Analytics Through Ai Research,https://deepmind.google/discover/blog/advancing-sports-analytics-through-ai-research/,,,TRUE,
dm-r-advocating-for-the-lgbtq-community-in-ai-research,deepmind,research,Advocating For The Lgbtq Community In Ai Research,https://deepmind.google/discover/blog/advocating-for-the-lgbtq-community-in-ai-research/,,,TRUE,
dm-r-aeneas-transforms-how-historians-connect-the-past,deepmind,research,Aeneas Transforms How Historians Connect The Past,https://deepmind.google/discover/blog/aeneas-transforms-how-historians-connect-the-past/,,,TRUE,
dm-r-agent57-outperforming-the-human-atari-benchmark,deepmind,research,Agent57 Outperforming The Human Atari Benchmark,https://deepmind.google/discover/blog/agent57-outperforming-the-human-atari-benchmark/,,,TRUE,
dm-r-agents-that-imagine-and-plan,deepmind,research,Agents That Imagine And Plan,https://deepmind.google/discover/blog/agents-that-imagine-and-plan/,,,TRUE,
dm-r-ai-and-neuroscience-a-virtuous-circle,deepmind,research,Ai And Neuroscience A Virtuous Circle,https://deepmind.google/discover/blog/ai-and-neuroscience-a-virtuous-circle/,,,TRUE,
dm-r-ai-for-the-board-game-diplomacy,deepmind,research,Ai For The Board Game Diplomacy,https://deepmind.google/discover/blog/ai-for-the-board-game-diplomacy/,,,TRUE,
dm-r-ai-solves-imo-problems-at-silver-medal-level,deepmind,research,Ai Solves Imo Problems At Silver Medal Level,https://deepmind.google/discover/blog/ai-solves-imo-problems-at-silver-medal-level/,,,TRUE,
dm-r-alphadev-discovers-faster-sorting-algorithms,deepmind,research,Alphadev Discovers Faster Sorting Algorithms,https://deepmind.google/discover/blog/alphadev-discovers-faster-sorting-algorithms/,,,TRUE,
dm-r-alphaearth-foundations-helps-map-our-planet-in-unprecedented-detail,deepmind,research,Alphaearth Foundations Helps Map Our Planet In Unprecedented Detail,https://deepmind.google/discover/blog/alphaearth-foundations-helps-map-our-planet-in-unprecedented-detail/,,,TRUE,
dm-r-alphaevolve-a-gemini-powered-coding-agent-for-designing-advanced-algorithms,deepmind,research,Alphaevolve A Gemini Powered Coding Agent For Designing Advanced Algorithms,https://deepmind.google/discover/blog/alphaevolve-a-gemini-powered-coding-agent-for-designing-advanced-algorithms/,,,TRUE,
dm-r-alphafold-a-solution-to-a-50-year-old-grand-challenge-in-biology,deepmind,research,Alphafold A Solution To A 50 Year Old Grand Challenge In Biology,https://deepmind.google/discover/blog/alphafold-a-solution-to-a-50-year-old-grand-challenge-in-biology/,,,TRUE,
dm-r-alphafold-reveals-the-structure-of-the-protein-universe,deepmind,research,Alphafold Reveals The Structure Of The Protein Universe,https://deepmind.google/discover/blog/alphafold-reveals-the-structure-of-the-protein-universe/,,,TRUE,
dm-r-alphafold-transforms-biology-for-millions-around-the-world,deepmind,research,Alphafold Transforms Biology For Millions Around The World,https://deepmind.google/discover/blog/alphafold-transforms-biology-for-millions-around-the-world/,,,TRUE,
dm-r-alphafold-unlocks-one-of-the-greatest-puzzles-in-biology,deepmind,research,Alphafold Unlocks One Of The Greatest Puzzles In Biology,https://deepmind.google/discover/blog/alphafold-unlocks-one-of-the-greatest-puzzles-in-biology/,,,TRUE,
dm-r-alphafold-using-ai-for-scientific-discovery,deepmind,research,Alphafold Using Ai For Scientific Discovery,https://deepmind.google/discover/blog/alphafold-using-ai-for-scientific-discovery/,,,TRUE,
dm-r-alphafold-using-ai-for-scientific-discovery-2020,deepmind,research,Alphafold Using Ai For Scientific Discovery 2020,https://deepmind.google/discover/blog/alphafold-using-ai-for-scientific-discovery-2020/,,,TRUE,
dm-r-alphagenome-ai-for-better-understanding-the-genome,deepmind,research,Alphagenome Ai For Better Understanding The Genome,https://deepmind.google/discover/blog/alphagenome-ai-for-better-understanding-the-genome/,,,TRUE,
dm-r-alphageometry-an-olympiad-level-ai-system-for-geometry,deepmind,research,Alphageometry An Olympiad Level Ai System For Geometry,https://deepmind.google/discover/blog/alphageometry-an-olympiad-level-ai-system-for-geometry/,,,TRUE,
dm-r-alphago-zero-starting-from-scratch,deepmind,research,Alphago Zero Starting From Scratch,https://deepmind.google/discover/blog/alphago-zero-starting-from-scratch/,,,TRUE,
dm-r-alphagos-next-move,deepmind,research,Alphagos Next Move,https://deepmind.google/discover/blog/alphagos-next-move/,,,TRUE,
dm-r-alphaproteo-generates-novel-proteins-for-biology-and-health-research,deepmind,research,Alphaproteo Generates Novel Proteins For Biology And Health Research,https://deepmind.google/discover/blog/alphaproteo-generates-novel-proteins-for-biology-and-health-research/,,,TRUE,
dm-r-alphaqubit-tackles-one-of-quantum-computings-biggest-challenges,deepmind,research,Alphaqubit Tackles One Of Quantum Computings Biggest Challenges,https://deepmind.google/discover/blog/alphaqubit-tackles-one-of-quantum-computings-biggest-challenges/,,,TRUE,
dm-r-alphastar-grandmaster-level-in-starcraft-ii-using-multi-agent-reinforcement-learning,deepmind,research,Alphastar Grandmaster Level In Starcraft Ii Using Multi Agent Reinforcement Learning,https://deepmind.google/discover/blog/alphastar-grandmaster-level-in-starcraft-ii-using-multi-agent-reinforcement-learning/,,,TRUE,
dm-r-alphastar-mastering-the-real-time-strategy-game-starcraft-ii,deepmind,research,Alphastar Mastering The Real Time Strategy Game Starcraft Ii,https://deepmind.google/discover/blog/alphastar-mastering-the-real-time-strategy-game-starcraft-ii/,,,TRUE,
dm-r-alphazero-shedding-new-light-on-chess-shogi-and-go,deepmind,research,Alphazero Shedding New Light On Chess Shogi And Go,https://deepmind.google/discover/blog/alphazero-shedding-new-light-on-chess-shogi-and-go/,,,TRUE,
dm-r-an-early-warning-system-for-novel-ai-risks,deepmind,research,An Early Warning System For Novel Ai Risks,https://deepmind.google/discover/blog/an-early-warning-system-for-novel-ai-risks/,,,TRUE,
dm-r-an-empirical-analysis-of-compute-optimal-large-language-model-training,deepmind,research,An Empirical Analysis Of Compute Optimal Large Language Model Training,https://deepmind.google/discover/blog/an-empirical-analysis-of-compute-optimal-large-language-model-training/,,,TRUE,
dm-r-an-update-on-our-racial-justice-efforts,deepmind,research,An Update On Our Racial Justice Efforts,https://deepmind.google/discover/blog/an-update-on-our-racial-justice-efforts/,,,TRUE,
dm-r-announcing-deepmind-health-research-partnership-with-moorfields-eye-hospital,deepmind,research,Announcing Deepmind Health Research Partnership With Moorfields Eye Hospital,https://deepmind.google/discover/blog/announcing-deepmind-health-research-partnership-with-moorfields-eye-hospital/,,,TRUE,
dm-r-announcing-gemma-3n-preview-powerful-efficient-mobile-first-ai,deepmind,research,Announcing Gemma 3N Preview Powerful Efficient Mobile First Ai,https://deepmind.google/discover/blog/announcing-gemma-3n-preview-powerful-efficient-mobile-first-ai/,,,TRUE,
dm-r-announcing-google-deepmind,deepmind,research,Announcing Google Deepmind,https://deepmind.google/discover/blog/announcing-google-deepmind/,,,TRUE,
dm-r-announcing-the-partnership-on-ai-to-benefit-people-society,deepmind,research,Announcing The Partnership On Ai To Benefit People Society,https://deepmind.google/discover/blog/announcing-the-partnership-on-ai-to-benefit-people-society/,,,TRUE,
dm-r-applying-for-technical-roles,deepmind,research,Applying For Technical Roles,https://deepmind.google/discover/blog/applying-for-technical-roles/,,,TRUE,
dm-r-applying-machine-learning-to-mammography-screening-for-breast-cancer,deepmind,research,Applying Machine Learning To Mammography Screening For Breast Cancer,https://deepmind.google/discover/blog/applying-machine-learning-to-mammography-screening-for-breast-cancer/,,,TRUE,
dm-r-applying-machine-learning-to-radiotherapy-planning-for-head-neck-cancer,deepmind,research,Applying Machine Learning To Radiotherapy Planning For Head Neck Cancer,https://deepmind.google/discover/blog/applying-machine-learning-to-radiotherapy-planning-for-head-neck-cancer/,,,TRUE,
dm-r-artificial-intelligence-values-and-alignment,deepmind,research,Artificial Intelligence Values And Alignment,https://deepmind.google/discover/blog/artificial-intelligence-values-and-alignment/,,,TRUE,
dm-r-benchmarking-the-next-generation-of-never-ending-learners,deepmind,research,Benchmarking The Next Generation Of Never Ending Learners,https://deepmind.google/discover/blog/benchmarking-the-next-generation-of-never-ending-learners/,,,TRUE,
dm-r-best-practices-for-data-enrichment,deepmind,research,Best Practices For Data Enrichment,https://deepmind.google/discover/blog/best-practices-for-data-enrichment/,,,TRUE,
dm-r-breaking-down-global-barriers-to-access,deepmind,research,Breaking Down Global Barriers To Access,https://deepmind.google/discover/blog/breaking-down-global-barriers-to-access/,,,TRUE,
dm-r-bridging-deepmind-research-with-alphabet-products,deepmind,research,Bridging Deepmind Research With Alphabet Products,https://deepmind.google/discover/blog/bridging-deepmind-research-with-alphabet-products/,,,TRUE,
dm-r-bringing-ai-to-the-next-generation-of-fusion-energy,deepmind,research,Bringing Ai To The Next Generation Of Fusion Energy,https://deepmind.google/discover/blog/bringing-ai-to-the-next-generation-of-fusion-energy/,,,TRUE,
dm-r-bringing-streams-to-yeovil-district-hospital-nhs-foundation-trust,deepmind,research,Bringing Streams To Yeovil District Hospital Nhs Foundation Trust,https://deepmind.google/discover/blog/bringing-streams-to-yeovil-district-hospital-nhs-foundation-trust/,,,TRUE,
dm-r-bringing-the-best-of-mobile-technology-to-imperial-college-healthcare-nhs-trust,deepmind,research,Bringing The Best Of Mobile Technology To Imperial College Healthcare Nhs Trust,https://deepmind.google/discover/blog/bringing-the-best-of-mobile-technology-to-imperial-college-healthcare-nhs-trust/,,,TRUE,
dm-r-building-a-culture-of-pioneering-responsibly,deepmind,research,Building A Culture Of Pioneering Responsibly,https://deepmind.google/discover/blog/building-a-culture-of-pioneering-responsibly/,,,TRUE,
dm-r-building-architectures-that-can-handle-the-worlds-data,deepmind,research,Building Architectures That Can Handle The Worlds Data,https://deepmind.google/discover/blog/building-architectures-that-can-handle-the-worlds-data/,,,TRUE,
dm-r-building-interactive-agents-in-video-game-worlds,deepmind,research,Building Interactive Agents In Video Game Worlds,https://deepmind.google/discover/blog/building-interactive-agents-in-video-game-worlds/,,,TRUE,
dm-r-building-safer-dialogue-agents,deepmind,research,Building Safer Dialogue Agents,https://deepmind.google/discover/blog/building-safer-dialogue-agents/,,,TRUE,
dm-r-byol-explore-exploration-with-bootstrapped-prediction,deepmind,research,Byol Explore Exploration With Bootstrapped Prediction,https://deepmind.google/discover/blog/byol-explore-exploration-with-bootstrapped-prediction/,,,TRUE,
dm-r-capture-the-flag-the-emergence-of-complex-cooperative-agents,deepmind,research,Capture The Flag The Emergence Of Complex Cooperative Agents,https://deepmind.google/discover/blog/capture-the-flag-the-emergence-of-complex-cooperative-agents/,,,TRUE,
dm-r-causal-bayesian-networks-a-flexible-tool-to-enable-fairer-machine-learning,deepmind,research,Causal Bayesian Networks A Flexible Tool To Enable Fairer Machine Learning,https://deepmind.google/discover/blog/causal-bayesian-networks-a-flexible-tool-to-enable-fairer-machine-learning/,,,TRUE,
dm-r-challenges-in-detoxifying-language-models,deepmind,research,Challenges In Detoxifying Language Models,https://deepmind.google/discover/blog/challenges-in-detoxifying-language-models/,,,TRUE,
dm-r-codoc-developing-reliable-ai-tools-for-healthcare,deepmind,research,Codoc Developing Reliable Ai Tools For Healthcare,https://deepmind.google/discover/blog/codoc-developing-reliable-ai-tools-for-healthcare/,,,TRUE,
dm-r-collaborating-with-patients-for-better-outcomes,deepmind,research,Collaborating With Patients For Better Outcomes,https://deepmind.google/discover/blog/collaborating-with-patients-for-better-outcomes/,,,TRUE,
dm-r-competitive-programming-with-alphacode,deepmind,research,Competitive Programming With Alphacode,https://deepmind.google/discover/blog/competitive-programming-with-alphacode/,,,TRUE,
dm-r-computational-predictions-of-protein-structures-associated-with-covid-19,deepmind,research,Computational Predictions Of Protein Structures Associated With Covid 19,https://deepmind.google/discover/blog/computational-predictions-of-protein-structures-associated-with-covid-19/,,,TRUE,
dm-r-creating-interactive-agents-with-imitation-learning,deepmind,research,Creating Interactive Agents With Imitation Learning,https://deepmind.google/discover/blog/creating-interactive-agents-with-imitation-learning/,,,TRUE,
dm-r-creating-plastic-eating-enzymes-that-could-save-us-from-pollution,deepmind,research,Creating Plastic Eating Enzymes That Could Save Us From Pollution,https://deepmind.google/discover/blog/creating-plastic-eating-enzymes-that-could-save-us-from-pollution/,,,TRUE,
dm-r-data-architecture-or-losses-what-contributes-most-to-multimodal-transformer-success,deepmind,research,Data Architecture Or Losses What Contributes Most To Multimodal Transformer Success,https://deepmind.google/discover/blog/data-architecture-or-losses-what-contributes-most-to-multimodal-transformer-success/,,,TRUE,
dm-r-decoupled-neural-interfaces-using-synthetic-gradients,deepmind,research,Decoupled Neural Interfaces Using Synthetic Gradients,https://deepmind.google/discover/blog/decoupled-neural-interfaces-using-synthetic-gradients/,,,TRUE,
dm-r-deep-reinforcement-learning,deepmind,research,Deep Reinforcement Learning,https://deepmind.google/discover/blog/deep-reinforcement-learning/,,,TRUE,
dm-r-deepmind-ai-reduces-google-data-centre-cooling-bill-by-40,deepmind,research,Deepmind Ai Reduces Google Data Centre Cooling Bill By 40,https://deepmind.google/discover/blog/deepmind-ai-reduces-google-data-centre-cooling-bill-by-40/,,,TRUE,
dm-r-deepmind-and-blizzard-open-starcraft-ii-as-an-ai-research-environment,deepmind,research,Deepmind And Blizzard Open Starcraft Ii As An Ai Research Environment,https://deepmind.google/discover/blog/deepmind-and-blizzard-open-starcraft-ii-as-an-ai-research-environment/,,,TRUE,
dm-r-deepmind-and-blizzard-to-release-starcraft-ii-as-an-ai-research-environment,deepmind,research,Deepmind And Blizzard To Release Starcraft Ii As An Ai Research Environment,https://deepmind.google/discover/blog/deepmind-and-blizzard-to-release-starcraft-ii-as-an-ai-research-environment/,,,TRUE,
dm-r-deepmind-expands-to-canada-with-new-research-office-in-edmonton-alberta,deepmind,research,Deepmind Expands To Canada With New Research Office In Edmonton Alberta,https://deepmind.google/discover/blog/deepmind-expands-to-canada-with-new-research-office-in-edmonton-alberta/,,,TRUE,
dm-r-deepmind-health-response-to-independent-reviewers-report-2018,deepmind,research,Deepmind Health Response To Independent Reviewers Report 2018,https://deepmind.google/discover/blog/deepmind-health-response-to-independent-reviewers-report-2018/,,,TRUE,
dm-r-deepmind-meet-android,deepmind,research,Deepmind Meet Android,https://deepmind.google/discover/blog/deepmind-meet-android/,,,TRUE,
dm-r-deepmind-papers-at-iclr-2018,deepmind,research,Deepmind Papers At Iclr 2018,https://deepmind.google/discover/blog/deepmind-papers-at-iclr-2018/,,,TRUE,
dm-r-deepmind-papers-at-icml-2017-part-one,deepmind,research,Deepmind Papers At Icml 2017 Part One,https://deepmind.google/discover/blog/deepmind-papers-at-icml-2017-part-one/,,,TRUE,
dm-r-deepmind-papers-at-icml-2017-part-three,deepmind,research,Deepmind Papers At Icml 2017 Part Three,https://deepmind.google/discover/blog/deepmind-papers-at-icml-2017-part-three/,,,TRUE,
dm-r-deepmind-papers-at-icml-2017-part-two,deepmind,research,Deepmind Papers At Icml 2017 Part Two,https://deepmind.google/discover/blog/deepmind-papers-at-icml-2017-part-two/,,,TRUE,
dm-r-deepmind-papers-at-icml-2018,deepmind,research,Deepmind Papers At Icml 2018,https://deepmind.google/discover/blog/deepmind-papers-at-icml-2018/,,,TRUE,
dm-r-deepmind-papers-at-nips-2017,deepmind,research,Deepmind Papers At Nips 2017,https://deepmind.google/discover/blog/deepmind-papers-at-nips-2017/,,,TRUE,
dm-r-deepmind-papers-nips-part-1,deepmind,research,Deepmind Papers Nips Part 1,https://deepmind.google/discover/blog/deepmind-papers-nips-part-1/,,,TRUE,
dm-r-deepmind-papers-nips-part-2,deepmind,research,Deepmind Papers Nips Part 2,https://deepmind.google/discover/blog/deepmind-papers-nips-part-2/,,,TRUE,
dm-r-deepmind-papers-nips-part-3,deepmind,research,Deepmind Papers Nips Part 3,https://deepmind.google/discover/blog/deepmind-papers-nips-part-3/,,,TRUE,
dm-r-deepmind-the-podcast-returns-for-season-2,deepmind,research,Deepmind The Podcast Returns For Season 2,https://deepmind.google/discover/blog/deepmind-the-podcast-returns-for-season-2/,,,TRUE,
dm-r-deepminds-health-team-joins-google-health,deepmind,research,Deepminds Health Team Joins Google Health,https://deepmind.google/discover/blog/deepminds-health-team-joins-google-health/,,,TRUE,
dm-r-deepminds-latest-research-at-iclr-2022,deepmind,research,Deepminds Latest Research At Iclr 2022,https://deepmind.google/discover/blog/deepminds-latest-research-at-iclr-2022/,,,TRUE,
dm-r-deepminds-latest-research-at-iclr-2023,deepmind,research,Deepminds Latest Research At Iclr 2023,https://deepmind.google/discover/blog/deepminds-latest-research-at-iclr-2023/,,,TRUE,
dm-r-deepminds-latest-research-at-icml-2022,deepmind,research,Deepminds Latest Research At Icml 2022,https://deepmind.google/discover/blog/deepminds-latest-research-at-icml-2022/,,,TRUE,
dm-r-deepminds-latest-research-at-neurips-2022,deepmind,research,Deepminds Latest Research At Neurips 2022,https://deepmind.google/discover/blog/deepminds-latest-research-at-neurips-2022/,,,TRUE,
dm-r-deepminds-work-in-2016-a-round-up,deepmind,research,Deepminds Work In 2016 A Round Up,https://deepmind.google/discover/blog/deepminds-work-in-2016-a-round-up/,,,TRUE,
dm-r-demis-hassabis-john-jumper-awarded-nobel-prize-in-chemistry,deepmind,research,Demis Hassabis John Jumper Awarded Nobel Prize In Chemistry,https://deepmind.google/discover/blog/demis-hassabis-john-jumper-awarded-nobel-prize-in-chemistry/,,,TRUE,
dm-r-differentiable-neural-computers,deepmind,research,Differentiable Neural Computers,https://deepmind.google/discover/blog/differentiable-neural-computers/,,,TRUE,
dm-r-discovering-new-solutions-to-century-old-problems-in-fluid-dynamics,deepmind,research,Discovering New Solutions To Century Old Problems In Fluid Dynamics,https://deepmind.google/discover/blog/discovering-new-solutions-to-century-old-problems-in-fluid-dynamics/,,,TRUE,
dm-r-discovering-novel-algorithms-with-alphatensor,deepmind,research,Discovering Novel Algorithms With Alphatensor,https://deepmind.google/discover/blog/discovering-novel-algorithms-with-alphatensor/,,,TRUE,
dm-r-discovering-when-an-agent-is-present-in-a-system,deepmind,research,Discovering When An Agent Is Present In A System,https://deepmind.google/discover/blog/discovering-when-an-agent-is-present-in-a-system/,,,TRUE,
dm-r-distill-communicating-the-science-of-machine-learning,deepmind,research,Distill Communicating The Science Of Machine Learning,https://deepmind.google/discover/blog/distill-communicating-the-science-of-machine-learning/,,,TRUE,
dm-r-dm-control-software-and-tasks-for-continuous-control,deepmind,research,Dm Control Software And Tasks For Continuous Control,https://deepmind.google/discover/blog/dm-control-software-and-tasks-for-continuous-control/,,,TRUE,
dm-r-dolphingemma-how-google-ai-is-helping-decode-dolphin-communication,deepmind,research,Dolphingemma How Google Ai Is Helping Decode Dolphin Communication,https://deepmind.google/discover/blog/dolphingemma-how-google-ai-is-helping-decode-dolphin-communication/,,,TRUE,
dm-r-dopamine-and-temporal-difference-learning-a-fruitful-relationship-between-neuroscience-and-ai,deepmind,research,Dopamine And Temporal Difference Learning A Fruitful Relationship Between Neuroscience And Ai,https://deepmind.google/discover/blog/dopamine-and-temporal-difference-learning-a-fruitful-relationship-between-neuroscience-and-ai/,,,TRUE,
dm-r-dynamic-language-understanding-adaptation-to-new-knowledge-in-parametric-and-semi-parametric-models,deepmind,research,Dynamic Language Understanding Adaptation To New Knowledge In Parametric And Semi Parametric Models,https://deepmind.google/discover/blog/dynamic-language-understanding-adaptation-to-new-knowledge-in-parametric-and-semi-parametric-models/,,,TRUE,
dm-r-emergent-bartering-behaviour-in-multi-agent-reinforcement-learning,deepmind,research,Emergent Bartering Behaviour In Multi Agent Reinforcement Learning,https://deepmind.google/discover/blog/emergent-bartering-behaviour-in-multi-agent-reinforcement-learning/,,,TRUE,
dm-r-empowering-the-next-generation-for-an-ai-enabled-world,deepmind,research,Empowering The Next Generation For An Ai Enabled World,https://deepmind.google/discover/blog/empowering-the-next-generation-for-an-ai-enabled-world/,,,TRUE,
dm-r-empowering-youtube-creators-with-generative-ai,deepmind,research,Empowering Youtube Creators With Generative Ai,https://deepmind.google/discover/blog/empowering-youtube-creators-with-generative-ai/,,,TRUE,
dm-r-enabling-continual-learning-in-neural-networks,deepmind,research,Enabling Continual Learning In Neural Networks,https://deepmind.google/discover/blog/enabling-continual-learning-in-neural-networks/,,,TRUE,
dm-r-enabling-high-accuracy-protein-structure-prediction-at-the-proteome-scale,deepmind,research,Enabling High Accuracy Protein Structure Prediction At The Proteome Scale,https://deepmind.google/discover/blog/enabling-high-accuracy-protein-structure-prediction-at-the-proteome-scale/,,,TRUE,
dm-r-enhancing-patient-safety-at-taunton-and-somerset-nhs-foundation-trust,deepmind,research,Enhancing Patient Safety At Taunton And Somerset Nhs Foundation Trust,https://deepmind.google/discover/blog/enhancing-patient-safety-at-taunton-and-somerset-nhs-foundation-trust/,,,TRUE,
dm-r-evaluating-multimodal-interactive-agents,deepmind,research,Evaluating Multimodal Interactive Agents,https://deepmind.google/discover/blog/evaluating-multimodal-interactive-agents/,,,TRUE,
dm-r-evaluating-potential-cybersecurity-threats-of-advanced-ai,deepmind,research,Evaluating Potential Cybersecurity Threats Of Advanced Ai,https://deepmind.google/discover/blog/evaluating-potential-cybersecurity-threats-of-advanced-ai/,,,TRUE,
dm-r-evaluating-social-and-ethical-risks-from-generative-ai,deepmind,research,Evaluating Social And Ethical Risks From Generative Ai,https://deepmind.google/discover/blog/evaluating-social-and-ethical-risks-from-generative-ai/,,,TRUE,
dm-r-expanding-our-research-on-breast-cancer-screening-to-japan,deepmind,research,Expanding Our Research On Breast Cancer Screening To Japan,https://deepmind.google/discover/blog/expanding-our-research-on-breast-cancer-screening-to-japan/,,,TRUE,
dm-r-exploring-institutions-for-global-ai-governance,deepmind,research,Exploring Institutions For Global Ai Governance,https://deepmind.google/discover/blog/exploring-institutions-for-global-ai-governance/,,,TRUE,
dm-r-exploring-the-beauty-of-pure-mathematics-in-novel-ways,deepmind,research,Exploring The Beauty Of Pure Mathematics In Novel Ways,https://deepmind.google/discover/blog/exploring-the-beauty-of-pure-mathematics-in-novel-ways/,,,TRUE,
dm-r-exploring-the-context-of-online-images-with-backstory,deepmind,research,Exploring The Context Of Online Images With Backstory,https://deepmind.google/discover/blog/exploring-the-context-of-online-images-with-backstory/,,,TRUE,
dm-r-exploring-the-mysteries-of-go-with-alphago-and-chinas-top-players,deepmind,research,Exploring The Mysteries Of Go With Alphago And Chinas Top Players,https://deepmind.google/discover/blog/exploring-the-mysteries-of-go-with-alphago-and-chinas-top-players/,,,TRUE,
dm-r-facts-grounding-a-new-benchmark-for-evaluating-the-factuality-of-large-language-models,deepmind,research,Facts Grounding A New Benchmark For Evaluating The Factuality Of Large Language Models,https://deepmind.google/discover/blog/facts-grounding-a-new-benchmark-for-evaluating-the-factuality-of-large-language-models/,,,TRUE,
dm-r-fast-reinforcement-learning-through-the-composition-of-behaviours,deepmind,research,Fast Reinforcement Learning Through The Composition Of Behaviours,https://deepmind.google/discover/blog/fast-reinforcement-learning-through-the-composition-of-behaviours/,,,TRUE,
dm-r-ferminet-quantum-physics-and-chemistry-from-first-principles,deepmind,research,Ferminet Quantum Physics And Chemistry From First Principles,https://deepmind.google/discover/blog/ferminet-quantum-physics-and-chemistry-from-first-principles/,,,TRUE,
dm-r-fighting-osteoporosis-before-it-starts,deepmind,research,Fighting Osteoporosis Before It Starts,https://deepmind.google/discover/blog/fighting-osteoporosis-before-it-starts/,,,TRUE,
dm-r-from-lego-competitions-to-deepminds-robotics-lab,deepmind,research,From Lego Competitions To Deepminds Robotics Lab,https://deepmind.google/discover/blog/from-lego-competitions-to-deepminds-robotics-lab/,,,TRUE,
dm-r-from-motor-control-to-embodied-intelligence,deepmind,research,From Motor Control To Embodied Intelligence,https://deepmind.google/discover/blog/from-motor-control-to-embodied-intelligence/,,,TRUE,
dm-r-from-unlikely-start-up-to-major-scientific-organisation-entering-our-tenth-year-at-deepmind,deepmind,research,From Unlikely Start Up To Major Scientific Organisation Entering Our Tenth Year At Deepmind,https://deepmind.google/discover/blog/from-unlikely-start-up-to-major-scientific-organisation-entering-our-tenth-year-at-deepmind/,,,TRUE,
dm-r-fuel-your-creativity-with-new-generative-media-models-and-tools,deepmind,research,Fuel Your Creativity With New Generative Media Models And Tools,https://deepmind.google/discover/blog/fuel-your-creativity-with-new-generative-media-models-and-tools/,,,TRUE,
dm-r-funsearch-making-new-discoveries-in-mathematical-sciences-using-large-language-models,deepmind,research,Funsearch Making New Discoveries In Mathematical Sciences Using Large Language Models,https://deepmind.google/discover/blog/funsearch-making-new-discoveries-in-mathematical-sciences-using-large-language-models/,,,TRUE,
dm-r-game-theory-as-an-engine-for-large-scale-data-analysis,deepmind,research,Game Theory As An Engine For Large Scale Data Analysis,https://deepmind.google/discover/blog/game-theory-as-an-engine-for-large-scale-data-analysis/,,,TRUE,
dm-r-game-theory-insights-into-asymmetric-multi-agent-games,deepmind,research,Game Theory Insights Into Asymmetric Multi Agent Games,https://deepmind.google/discover/blog/game-theory-insights-into-asymmetric-multi-agent-games/,,,TRUE,
dm-r-gemini-25-our-world-leading-model-is-getting-even-better,deepmind,research,Gemini 25 Our World Leading Model Is Getting Even Better,https://deepmind.google/discover/blog/gemini-25-our-world-leading-model-is-getting-even-better/,,,TRUE,
dm-r-gemini-achieves-gold-level-performance-at-the-international-collegiate-programming-contest-world-finals,deepmind,research,Gemini Achieves Gold Level Performance At The International Collegiate Programming Contest World Finals,https://deepmind.google/discover/blog/gemini-achieves-gold-level-performance-at-the-international-collegiate-programming-contest-world-finals/,,,TRUE,
dm-r-gemini-robotics-15-brings-ai-agents-into-the-physical-world,deepmind,research,Gemini Robotics 15 Brings Ai Agents Into The Physical World,https://deepmind.google/discover/blog/gemini-robotics-15-brings-ai-agents-into-the-physical-world/,,,TRUE,
dm-r-gemini-robotics-brings-ai-into-the-physical-world,deepmind,research,Gemini Robotics Brings Ai Into The Physical World,https://deepmind.google/discover/blog/gemini-robotics-brings-ai-into-the-physical-world/,,,TRUE,
dm-r-gemini-robotics-on-device-brings-ai-to-local-robotic-devices,deepmind,research,Gemini Robotics On Device Brings Ai To Local Robotic Devices,https://deepmind.google/discover/blog/gemini-robotics-on-device-brings-ai-to-local-robotic-devices/,,,TRUE,
dm-r-gemma-scope-helping-the-safety-community-shed-light-on-the-inner-workings-of-language-models,deepmind,research,Gemma Scope Helping The Safety Community Shed Light On The Inner Workings Of Language Models,https://deepmind.google/discover/blog/gemma-scope-helping-the-safety-community-shed-light-on-the-inner-workings-of-language-models/,,,TRUE,
dm-r-gencast-predicts-weather-and-the-risks-of-extreme-conditions-with-sota-accuracy,deepmind,research,Gencast Predicts Weather And The Risks Of Extreme Conditions With Sota Accuracy,https://deepmind.google/discover/blog/gencast-predicts-weather-and-the-risks-of-extreme-conditions-with-sota-accuracy/,,,TRUE,
dm-r-generally-capable-agents-emerge-from-open-ended-play,deepmind,research,Generally Capable Agents Emerge From Open Ended Play,https://deepmind.google/discover/blog/generally-capable-agents-emerge-from-open-ended-play/,,,TRUE,
dm-r-generating-audio-for-video,deepmind,research,Generating Audio For Video,https://deepmind.google/discover/blog/generating-audio-for-video/,,,TRUE,
dm-r-genie-2-a-large-scale-foundation-world-model,deepmind,research,Genie 2 A Large Scale Foundation World Model,https://deepmind.google/discover/blog/genie-2-a-large-scale-foundation-world-model/,,,TRUE,
dm-r-genie-3-a-new-frontier-for-world-models,deepmind,research,Genie 3 A New Frontier For World Models,https://deepmind.google/discover/blog/genie-3-a-new-frontier-for-world-models/,,,TRUE,
dm-r-going-beyond-average-for-reinforcement-learning,deepmind,research,Going Beyond Average For Reinforcement Learning,https://deepmind.google/discover/blog/going-beyond-average-for-reinforcement-learning/,,,TRUE,
dm-r-google-cloud-driving-digital-transformation,deepmind,research,Google Cloud Driving Digital Transformation,https://deepmind.google/discover/blog/google-cloud-driving-digital-transformation/,,,TRUE,
dm-r-google-deepmind-at-iclr-2024,deepmind,research,Google Deepmind At Iclr 2024,https://deepmind.google/discover/blog/google-deepmind-at-iclr-2024/,,,TRUE,
dm-r-google-deepmind-at-icml-2024,deepmind,research,Google Deepmind At Icml 2024,https://deepmind.google/discover/blog/google-deepmind-at-icml-2024/,,,TRUE,
dm-r-google-deepmind-at-neurips-2023,deepmind,research,Google Deepmind At Neurips 2023,https://deepmind.google/discover/blog/google-deepmind-at-neurips-2023/,,,TRUE,
dm-r-google-deepmind-at-neurips-2024,deepmind,research,Google Deepmind At Neurips 2024,https://deepmind.google/discover/blog/google-deepmind-at-neurips-2024/,,,TRUE,
dm-r-google-deepmind-research-at-icml-2023,deepmind,research,Google Deepmind Research At Icml 2023,https://deepmind.google/discover/blog/google-deepmind-research-at-icml-2023/,,,TRUE,
dm-r-gophercite-teaching-language-models-to-support-answers-with-verified-quotes,deepmind,research,Gophercite Teaching Language Models To Support Answers With Verified Quotes,https://deepmind.google/discover/blog/gophercite-teaching-language-models-to-support-answers-with-verified-quotes/,,,TRUE,
dm-r-graphcast-ai-model-for-faster-and-more-accurate-global-weather-forecasting,deepmind,research,Graphcast Ai Model For Faster And More Accurate Global Weather Forecasting,https://deepmind.google/discover/blog/graphcast-ai-model-for-faster-and-more-accurate-global-weather-forecasting/,,,TRUE,
dm-r-high-fidelity-speech-synthesis-with-wavenet,deepmind,research,High Fidelity Speech Synthesis With Wavenet,https://deepmind.google/discover/blog/high-fidelity-speech-synthesis-with-wavenet/,,,TRUE,
dm-r-how-ai-is-helping-advance-the-science-of-bioacoustics-to-save-endangered-species,deepmind,research,How Ai Is Helping Advance The Science Of Bioacoustics To Save Endangered Species,https://deepmind.google/discover/blog/how-ai-is-helping-advance-the-science-of-bioacoustics-to-save-endangered-species/,,,TRUE,
dm-r-how-alphachip-transformed-computer-chip-design,deepmind,research,How Alphachip Transformed Computer Chip Design,https://deepmind.google/discover/blog/how-alphachip-transformed-computer-chip-design/,,,TRUE,
dm-r-how-can-we-build-human-values-into-ai,deepmind,research,How Can We Build Human Values Into Ai,https://deepmind.google/discover/blog/how-can-we-build-human-values-into-ai/,,,TRUE,
dm-r-how-evolutionary-selection-can-train-more-capable-self-driving-cars,deepmind,research,How Evolutionary Selection Can Train More Capable Self Driving Cars,https://deepmind.google/discover/blog/how-evolutionary-selection-can-train-more-capable-self-driving-cars/,,,TRUE,
dm-r-how-our-principles-helped-define-alphafolds-release,deepmind,research,How Our Principles Helped Define Alphafolds Release,https://deepmind.google/discover/blog/how-our-principles-helped-define-alphafolds-release/,,,TRUE,
dm-r-how-the-honeybee-could-help-protect-species-around-the-world,deepmind,research,How The Honeybee Could Help Protect Species Around The World,https://deepmind.google/discover/blog/how-the-honeybee-could-help-protect-species-around-the-world/,,,TRUE,
dm-r-how-undesired-goals-can-arise-with-correct-rewards,deepmind,research,How Undesired Goals Can Arise With Correct Rewards,https://deepmind.google/discover/blog/how-undesired-goals-can-arise-with-correct-rewards/,,,TRUE,
dm-r-human-centred-mechanism-design-with-democratic-ai,deepmind,research,Human Centred Mechanism Design With Democratic Ai,https://deepmind.google/discover/blog/human-centred-mechanism-design-with-democratic-ai/,,,TRUE,
dm-r-identifying-ai-generated-images-with-synthid,deepmind,research,Identifying Ai Generated Images With Synthid,https://deepmind.google/discover/blog/identifying-ai-generated-images-with-synthid/,,,TRUE,
dm-r-identifying-and-eliminating-bugs-in-learned-predictive-models,deepmind,research,Identifying And Eliminating Bugs In Learned Predictive Models,https://deepmind.google/discover/blog/identifying-and-eliminating-bugs-in-learned-predictive-models/,,,TRUE,
dm-r-images-altered-to-trick-machine-vision-can-influence-humans-too,deepmind,research,Images Altered To Trick Machine Vision Can Influence Humans Too,https://deepmind.google/discover/blog/images-altered-to-trick-machine-vision-can-influence-humans-too/,,,TRUE,
dm-r-imagine-this-creating-new-visual-concepts-by-recombining-familiar-ones,deepmind,research,Imagine This Creating New Visual Concepts By Recombining Familiar Ones,https://deepmind.google/discover/blog/imagine-this-creating-new-visual-concepts-by-recombining-familiar-ones/,,,TRUE,
dm-r-imitating-interactive-intelligence,deepmind,research,Imitating Interactive Intelligence,https://deepmind.google/discover/blog/imitating-interactive-intelligence/,,,TRUE,
dm-r-improving-language-models-by-retrieving-from-trillions-of-tokens,deepmind,research,Improving Language Models By Retrieving From Trillions Of Tokens,https://deepmind.google/discover/blog/improving-language-models-by-retrieving-from-trillions-of-tokens/,,,TRUE,
dm-r-in-conversation-with-ai-building-better-language-models,deepmind,research,In Conversation With Ai Building Better Language Models,https://deepmind.google/discover/blog/in-conversation-with-ai-building-better-language-models/,,,TRUE,
dm-r-independent-reviewers-release-first-annual-report-on-deepmind-health,deepmind,research,Independent Reviewers Release First Annual Report On Deepmind Health,https://deepmind.google/discover/blog/independent-reviewers-release-first-annual-report-on-deepmind-health/,,,TRUE,
dm-r-innovations-of-alphago,deepmind,research,Innovations Of Alphago,https://deepmind.google/discover/blog/innovations-of-alphago/,,,TRUE,
dm-r-international-evaluation-of-an-ai-system-for-breast-cancer-screening,deepmind,research,International Evaluation Of An Ai System For Breast Cancer Screening,https://deepmind.google/discover/blog/international-evaluation-of-an-ai-system-for-breast-cancer-screening/,,,TRUE,
dm-r-interpreting-deep-neural-networks-using-cognitive-psychology,deepmind,research,Interpreting Deep Neural Networks Using Cognitive Psychology,https://deepmind.google/discover/blog/interpreting-deep-neural-networks-using-cognitive-psychology/,,,TRUE,
dm-r-introducing-codemender-an-ai-agent-for-code-security,deepmind,research,Introducing Codemender An Ai Agent For Code Security,https://deepmind.google/discover/blog/introducing-codemender-an-ai-agent-for-code-security/,,,TRUE,
dm-r-introducing-the-frontier-safety-framework,deepmind,research,Introducing The Frontier Safety Framework,https://deepmind.google/discover/blog/introducing-the-frontier-safety-framework/,,,TRUE,
dm-r-intuitive-physics-learning-in-a-deep-learning-model-inspired-by-developmental-psychology,deepmind,research,Intuitive Physics Learning In A Deep Learning Model Inspired By Developmental Psychology,https://deepmind.google/discover/blog/intuitive-physics-learning-in-a-deep-learning-model-inspired-by-developmental-psychology/,,,TRUE,
dm-r-is-curiosity-all-you-need-on-the-utility-of-emergent-behaviours-from-curious-exploration,deepmind,research,Is Curiosity All You Need On The Utility Of Emergent Behaviours From Curious Exploration,https://deepmind.google/discover/blog/is-curiosity-all-you-need-on-the-utility-of-emergent-behaviours-from-curious-exploration/,,,TRUE,
dm-r-kyrgyzstan-to-kings-cross-the-star-baker-cooking-up-code,deepmind,research,Kyrgyzstan To Kings Cross The Star Baker Cooking Up Code,https://deepmind.google/discover/blog/kyrgyzstan-to-kings-cross-the-star-baker-cooking-up-code/,,,TRUE,
dm-r-language-modelling-at-scale-gopher-ethical-considerations-and-retrieval,deepmind,research,Language Modelling At Scale Gopher Ethical Considerations And Retrieval,https://deepmind.google/discover/blog/language-modelling-at-scale-gopher-ethical-considerations-and-retrieval/,,,TRUE,
dm-r-leading-a-movement-to-strengthen-machine-learning-in-africa,deepmind,research,Leading A Movement To Strengthen Machine Learning In Africa,https://deepmind.google/discover/blog/leading-a-movement-to-strengthen-machine-learning-in-africa/,,,TRUE,
dm-r-learning-by-playing,deepmind,research,Learning By Playing,https://deepmind.google/discover/blog/learning-by-playing/,,,TRUE,
dm-r-learning-explanatory-rules-from-noisy-data,deepmind,research,Learning Explanatory Rules From Noisy Data,https://deepmind.google/discover/blog/learning-explanatory-rules-from-noisy-data/,,,TRUE,
dm-r-learning-human-objectives-by-evaluating-hypothetical-behaviours,deepmind,research,Learning Human Objectives By Evaluating Hypothetical Behaviours,https://deepmind.google/discover/blog/learning-human-objectives-by-evaluating-hypothetical-behaviours/,,,TRUE,
dm-r-learning-robust-real-time-cultural-transmission-without-human-data,deepmind,research,Learning Robust Real Time Cultural Transmission Without Human Data,https://deepmind.google/discover/blog/learning-robust-real-time-cultural-transmission-without-human-data/,,,TRUE,
dm-r-learning-through-human-feedback,deepmind,research,Learning Through Human Feedback,https://deepmind.google/discover/blog/learning-through-human-feedback/,,,TRUE,
dm-r-learning-to-navigate-in-cities-without-a-map,deepmind,research,Learning To Navigate In Cities Without A Map,https://deepmind.google/discover/blog/learning-to-navigate-in-cities-without-a-map/,,,TRUE,
dm-r-learning-to-segment-actions-from-observation-and-narration,deepmind,research,Learning To Segment Actions From Observation And Narration,https://deepmind.google/discover/blog/learning-to-segment-actions-from-observation-and-narration/,,,TRUE,
dm-r-learning-to-write-programs-that-generate-images,deepmind,research,Learning To Write Programs That Generate Images,https://deepmind.google/discover/blog/learning-to-write-programs-that-generate-images/,,,TRUE,
dm-r-looking-ahead-to-the-ai-seoul-summit,deepmind,research,Looking Ahead To The Ai Seoul Summit,https://deepmind.google/discover/blog/looking-ahead-to-the-ai-seoul-summit/,,,TRUE,
dm-r-machine-learning-can-boost-the-value-of-wind-energy,deepmind,research,Machine Learning Can Boost The Value Of Wind Energy,https://deepmind.google/discover/blog/machine-learning-can-boost-the-value-of-wind-energy/,,,TRUE,
dm-r-making-efficient-use-of-demonstrations-to-solve-hard-exploration-problems,deepmind,research,Making Efficient Use Of Demonstrations To Solve Hard Exploration Problems,https://deepmind.google/discover/blog/making-efficient-use-of-demonstrations-to-solve-hard-exploration-problems/,,,TRUE,
dm-r-mapping-the-misuse-of-generative-ai,deepmind,research,Mapping The Misuse Of Generative Ai,https://deepmind.google/discover/blog/mapping-the-misuse-of-generative-ai/,,,TRUE,
dm-r-mastering-stratego-the-classic-game-of-imperfect-information,deepmind,research,Mastering Stratego The Classic Game Of Imperfect Information,https://deepmind.google/discover/blog/mastering-stratego-the-classic-game-of-imperfect-information/,,,TRUE,
dm-r-maximising-the-impact-of-our-breakthroughs,deepmind,research,Maximising The Impact Of Our Breakthroughs,https://deepmind.google/discover/blog/maximising-the-impact-of-our-breakthroughs/,,,TRUE,
dm-r-measuring-abstract-reasoning-in-neural-networks,deepmind,research,Measuring Abstract Reasoning In Neural Networks,https://deepmind.google/discover/blog/measuring-abstract-reasoning-in-neural-networks/,,,TRUE,
dm-r-measuring-perception-in-ai-models,deepmind,research,Measuring Perception In Ai Models,https://deepmind.google/discover/blog/measuring-perception-in-ai-models/,,,TRUE,
dm-r-melting-pot-an-evaluation-suite-for-multi-agent-reinforcement-learning,deepmind,research,Melting Pot An Evaluation Suite For Multi Agent Reinforcement Learning,https://deepmind.google/discover/blog/melting-pot-an-evaluation-suite-for-multi-agent-reinforcement-learning/,,,TRUE,
dm-r-millions-of-new-materials-discovered-with-deep-learning,deepmind,research,Millions Of New Materials Discovered With Deep Learning,https://deepmind.google/discover/blog/millions-of-new-materials-discovered-with-deep-learning/,,,TRUE,
dm-r-music-ai-sandbox-now-with-new-features-and-broader-access,deepmind,research,Music Ai Sandbox Now With New Features And Broader Access,https://deepmind.google/discover/blog/music-ai-sandbox-now-with-new-features-and-broader-access/,,,TRUE,
dm-r-muzero-alphazero-and-alphadev-optimizing-computer-systems,deepmind,research,Muzero Alphazero And Alphadev Optimizing Computer Systems,https://deepmind.google/discover/blog/muzero-alphazero-and-alphadev-optimizing-computer-systems/,,,TRUE,
dm-r-muzero-mastering-go-chess-shogi-and-atari-without-rules,deepmind,research,Muzero Mastering Go Chess Shogi And Atari Without Rules,https://deepmind.google/discover/blog/muzero-mastering-go-chess-shogi-and-atari-without-rules/,,,TRUE,
dm-r-muzeros-first-step-from-research-into-the-real-world,deepmind,research,Muzeros First Step From Research Into The Real World,https://deepmind.google/discover/blog/muzeros-first-step-from-research-into-the-real-world/,,,TRUE,
dm-r-my-journey-from-deepmind-intern-to-mentor,deepmind,research,My Journey From Deepmind Intern To Mentor,https://deepmind.google/discover/blog/my-journey-from-deepmind-intern-to-mentor/,,,TRUE,
dm-r-navigating-with-grid-like-representations-in-artificial-agents,deepmind,research,Navigating With Grid Like Representations In Artificial Agents,https://deepmind.google/discover/blog/navigating-with-grid-like-representations-in-artificial-agents/,,,TRUE,
dm-r-neural-scene-representation-and-rendering,deepmind,research,Neural Scene Representation And Rendering,https://deepmind.google/discover/blog/neural-scene-representation-and-rendering/,,,TRUE,
dm-r-new-generative-ai-tools-open-the-doors-of-music-creation,deepmind,research,New Generative Ai Tools Open The Doors Of Music Creation,https://deepmind.google/discover/blog/new-generative-ai-tools-open-the-doors-of-music-creation/,,,TRUE,
dm-r-nowcasting-the-next-hour-of-rain,deepmind,research,Nowcasting The Next Hour Of Rain,https://deepmind.google/discover/blog/nowcasting-the-next-hour-of-rain/,,,TRUE,
dm-r-objects-that-sound,deepmind,research,Objects That Sound,https://deepmind.google/discover/blog/objects-that-sound/,,,TRUE,
dm-r-on-the-expressivity-of-markov-reward,deepmind,research,On The Expressivity Of Markov Reward,https://deepmind.google/discover/blog/on-the-expressivity-of-markov-reward/,,,TRUE,
dm-r-open-sourcing-deepmind-lab,deepmind,research,Open Sourcing Deepmind Lab,https://deepmind.google/discover/blog/open-sourcing-deepmind-lab/,,,TRUE,
dm-r-open-sourcing-mujoco,deepmind,research,Open Sourcing Mujoco,https://deepmind.google/discover/blog/open-sourcing-mujoco/,,,TRUE,
dm-r-open-sourcing-psychlab,deepmind,research,Open Sourcing Psychlab,https://deepmind.google/discover/blog/open-sourcing-psychlab/,,,TRUE,
dm-r-open-sourcing-sonnet-a-new-library-for-constructing-neural-networks,deepmind,research,Open Sourcing Sonnet A New Library For Constructing Neural Networks,https://deepmind.google/discover/blog/open-sourcing-sonnet-a-new-library-for-constructing-neural-networks/,,,TRUE,
dm-r-open-sourcing-trfl-a-library-of-reinforcement-learning-building-blocks,deepmind,research,Open Sourcing Trfl A Library Of Reinforcement Learning Building Blocks,https://deepmind.google/discover/blog/open-sourcing-trfl-a-library-of-reinforcement-learning-building-blocks/,,,TRUE,
dm-r-opening-up-a-physics-simulator-for-robotics,deepmind,research,Opening Up A Physics Simulator For Robotics,https://deepmind.google/discover/blog/opening-up-a-physics-simulator-for-robotics/,,,TRUE,
dm-r-our-collaborations-with-academia-to-advance-the-field-of-ai,deepmind,research,Our Collaborations With Academia To Advance The Field Of Ai,https://deepmind.google/discover/blog/our-collaborations-with-academia-to-advance-the-field-of-ai/,,,TRUE,
dm-r-our-first-coo-lila-ibrahim-takes-deepmind-to-the-next-level,deepmind,research,Our First Coo Lila Ibrahim Takes Deepmind To The Next Level,https://deepmind.google/discover/blog/our-first-coo-lila-ibrahim-takes-deepmind-to-the-next-level/,,,TRUE,
dm-r-our-vision-for-building-a-universal-ai-assistant,deepmind,research,Our Vision For Building A Universal Ai Assistant,https://deepmind.google/discover/blog/our-vision-for-building-a-universal-ai-assistant/,,,TRUE,
dm-r-perceiver-ar-general-purpose-long-context-autoregressive-generation,deepmind,research,Perceiver Ar General Purpose Long Context Autoregressive Generation,https://deepmind.google/discover/blog/perceiver-ar-general-purpose-long-context-autoregressive-generation/,,,TRUE,
dm-r-population-based-training-of-neural-networks,deepmind,research,Population Based Training Of Neural Networks,https://deepmind.google/discover/blog/population-based-training-of-neural-networks/,,,TRUE,
dm-r-predicting-eye-disease-with-moorfields-eye-hospital,deepmind,research,Predicting Eye Disease With Moorfields Eye Hospital,https://deepmind.google/discover/blog/predicting-eye-disease-with-moorfields-eye-hospital/,,,TRUE,
dm-r-predicting-gene-expression-with-ai,deepmind,research,Predicting Gene Expression With Ai,https://deepmind.google/discover/blog/predicting-gene-expression-with-ai/,,,TRUE,
dm-r-predicting-the-past-with-ithaca,deepmind,research,Predicting The Past With Ithaca,https://deepmind.google/discover/blog/predicting-the-past-with-ithaca/,,,TRUE,
dm-r-prefrontal-cortex-as-a-meta-reinforcement-learning-system,deepmind,research,Prefrontal Cortex As A Meta Reinforcement Learning System,https://deepmind.google/discover/blog/prefrontal-cortex-as-a-meta-reinforcement-learning-system/,,,TRUE,
dm-r-preserving-outputs-precisely-while-adaptively-rescaling-targets,deepmind,research,Preserving Outputs Precisely While Adaptively Rescaling Targets,https://deepmind.google/discover/blog/preserving-outputs-precisely-while-adaptively-rescaling-targets/,,,TRUE,
dm-r-probing-image-language-transformers-for-verb-understanding,deepmind,research,Probing Image Language Transformers For Verb Understanding,https://deepmind.google/discover/blog/probing-image-language-transformers-for-verb-understanding/,,,TRUE,
dm-r-producing-flexible-behaviours-in-simulated-environments,deepmind,research,Producing Flexible Behaviours In Simulated Environments,https://deepmind.google/discover/blog/producing-flexible-behaviours-in-simulated-environments/,,,TRUE,
dm-r-pushing-the-frontiers-of-audio-generation,deepmind,research,Pushing The Frontiers Of Audio Generation,https://deepmind.google/discover/blog/pushing-the-frontiers-of-audio-generation/,,,TRUE,
dm-r-putting-patients-at-the-heart-of-deepmind-health,deepmind,research,Putting Patients At The Heart Of Deepmind Health,https://deepmind.google/discover/blog/putting-patients-at-the-heart-of-deepmind-health/,,,TRUE,
dm-r-putting-the-power-of-alphafold-into-the-worlds-hands,deepmind,research,Putting The Power Of Alphafold Into The Worlds Hands,https://deepmind.google/discover/blog/putting-the-power-of-alphafold-into-the-worlds-hands/,,,TRUE,
dm-r-real-world-challenges-for-agi,deepmind,research,Real World Challenges For Agi,https://deepmind.google/discover/blog/real-world-challenges-for-agi/,,,TRUE,
dm-r-realising-scientists-are-the-real-superheroes,deepmind,research,Realising Scientists Are The Real Superheroes,https://deepmind.google/discover/blog/realising-scientists-are-the-real-superheroes/,,,TRUE,
dm-r-red-teaming-language-models-with-language-models,deepmind,research,Red Teaming Language Models With Language Models,https://deepmind.google/discover/blog/red-teaming-language-models-with-language-models/,,,TRUE,
dm-r-reinforcement-learning-with-unsupervised-auxiliary-tasks,deepmind,research,Reinforcement Learning With Unsupervised Auxiliary Tasks,https://deepmind.google/discover/blog/reinforcement-learning-with-unsupervised-auxiliary-tasks/,,,TRUE,
dm-r-replay-in-biological-and-artificial-neural-networks,deepmind,research,Replay In Biological And Artificial Neural Networks,https://deepmind.google/discover/blog/replay-in-biological-and-artificial-neural-networks/,,,TRUE,
dm-r-researching-patient-deterioration-with-the-us-department-of-veterans-affairs,deepmind,research,Researching Patient Deterioration With The Us Department Of Veterans Affairs,https://deepmind.google/discover/blog/researching-patient-deterioration-with-the-us-department-of-veterans-affairs/,,,TRUE,
dm-r-restoring-ancient-text-using-deep-learning-a-case-study-on-greek-epigraphy,deepmind,research,Restoring Ancient Text Using Deep Learning A Case Study On Greek Epigraphy,https://deepmind.google/discover/blog/restoring-ancient-text-using-deep-learning-a-case-study-on-greek-epigraphy/,,,TRUE,
dm-r-rl-unplugged-benchmarks-for-offline-reinforcement-learning,deepmind,research,Rl Unplugged Benchmarks For Offline Reinforcement Learning,https://deepmind.google/discover/blog/rl-unplugged-benchmarks-for-offline-reinforcement-learning/,,,TRUE,
dm-r-robocat-a-self-improving-robotic-agent,deepmind,research,Robocat A Self Improving Robotic Agent,https://deepmind.google/discover/blog/robocat-a-self-improving-robotic-agent/,,,TRUE,
dm-r-royal-free-london-publishes-findings-of-legal-audit-in-use-of-streams,deepmind,research,Royal Free London Publishes Findings Of Legal Audit In Use Of Streams,https://deepmind.google/discover/blog/royal-free-london-publishes-findings-of-legal-audit-in-use-of-streams/,,,TRUE,
dm-r-rt-2-new-model-translates-vision-and-language-into-action,deepmind,research,Rt 2 New Model Translates Vision And Language Into Action,https://deepmind.google/discover/blog/rt-2-new-model-translates-vision-and-language-into-action/,,,TRUE,
dm-r-safety-first-ai-for-autonomous-data-centre-cooling-and-industrial-control,deepmind,research,Safety First Ai For Autonomous Data Centre Cooling And Industrial Control,https://deepmind.google/discover/blog/safety-first-ai-for-autonomous-data-centre-cooling-and-industrial-control/,,,TRUE,
dm-r-scalable-agent-architecture-for-distributed-training,deepmind,research,Scalable Agent Architecture For Distributed Training,https://deepmind.google/discover/blog/scalable-agent-architecture-for-distributed-training/,,,TRUE,
dm-r-scaling-streams-with-google,deepmind,research,Scaling Streams With Google,https://deepmind.google/discover/blog/scaling-streams-with-google/,,,TRUE,
dm-r-scaling-up-learning-across-many-different-robot-types,deepmind,research,Scaling Up Learning Across Many Different Robot Types,https://deepmind.google/discover/blog/scaling-up-learning-across-many-different-robot-types/,,,TRUE,
dm-r-shaping-the-future-of-advanced-robotics,deepmind,research,Shaping The Future Of Advanced Robotics,https://deepmind.google/discover/blog/shaping-the-future-of-advanced-robotics/,,,TRUE,
dm-r-sharing-our-insights-from-designing-with-clinicians,deepmind,research,Sharing Our Insights From Designing With Clinicians,https://deepmind.google/discover/blog/sharing-our-insights-from-designing-with-clinicians/,,,TRUE,
dm-r-sima-generalist-ai-agent-for-3d-virtual-environments,deepmind,research,Sima Generalist Ai Agent For 3D Virtual Environments,https://deepmind.google/discover/blog/sima-generalist-ai-agent-for-3d-virtual-environments/,,,TRUE,
dm-r-simple-sensor-intentions-for-exploration,deepmind,research,Simple Sensor Intentions For Exploration,https://deepmind.google/discover/blog/simple-sensor-intentions-for-exploration/,,,TRUE,
dm-r-simulating-matter-on-the-quantum-scale-with-ai,deepmind,research,Simulating Matter On The Quantum Scale With Ai,https://deepmind.google/discover/blog/simulating-matter-on-the-quantum-scale-with-ai/,,,TRUE,
dm-r-solving-the-mystery-of-how-an-ancient-bird-went-extinct,deepmind,research,Solving The Mystery Of How An Ancient Bird Went Extinct,https://deepmind.google/discover/blog/solving-the-mystery-of-how-an-ancient-bird-went-extinct/,,,TRUE,
dm-r-specification-gaming-the-flip-side-of-ai-ingenuity,deepmind,research,Specification Gaming The Flip Side Of Ai Ingenuity,https://deepmind.google/discover/blog/specification-gaming-the-flip-side-of-ai-ingenuity/,,,TRUE,
dm-r-specifying-ai-safety-problems-in-simple-environments,deepmind,research,Specifying Ai Safety Problems In Simple Environments,https://deepmind.google/discover/blog/specifying-ai-safety-problems-in-simple-environments/,,,TRUE,
dm-r-spurious-normativity-enhances-learning-of-compliance-and-enforcement-behavior-in-artificial-agents,deepmind,research,Spurious Normativity Enhances Learning Of Compliance And Enforcement Behavior In Artificial Agents,https://deepmind.google/discover/blog/spurious-normativity-enhances-learning-of-compliance-and-enforcement-behavior-in-artificial-agents/,,,TRUE,
dm-r-stacking-our-way-to-more-general-robots,deepmind,research,Stacking Our Way To More General Robots,https://deepmind.google/discover/blog/stacking-our-way-to-more-general-robots/,,,TRUE,
dm-r-stop-look-and-listen-to-the-people-you-want-to-help,deepmind,research,Stop Look And Listen To The People You Want To Help,https://deepmind.google/discover/blog/stop-look-and-listen-to-the-people-you-want-to-help/,,,TRUE,
dm-r-stopping-malaria-in-its-tracks,deepmind,research,Stopping Malaria In Its Tracks,https://deepmind.google/discover/blog/stopping-malaria-in-its-tracks/,,,TRUE,
dm-r-strengthening-our-commitment-to-canadian-research,deepmind,research,Strengthening Our Commitment To Canadian Research,https://deepmind.google/discover/blog/strengthening-our-commitment-to-canadian-research/,,,TRUE,
dm-r-strengthening-our-frontier-safety-framework,deepmind,research,Strengthening Our Frontier Safety Framework,https://deepmind.google/discover/blog/strengthening-our-frontier-safety-framework/,,,TRUE,
dm-r-strengthening-the-ai-community,deepmind,research,Strengthening The Ai Community,https://deepmind.google/discover/blog/strengthening-the-ai-community/,,,TRUE,
dm-r-supporting-the-next-generation-of-ai-leaders,deepmind,research,Supporting The Next Generation Of Ai Leaders,https://deepmind.google/discover/blog/supporting-the-next-generation-of-ai-leaders/,,,TRUE,
dm-r-synthid-detector--a-new-portal-to-help-identify-ai-generated-content,deepmind,research,Synthid Detector  A New Portal To Help Identify Ai Generated Content,https://deepmind.google/discover/blog/synthid-detector--a-new-portal-to-help-identify-ai-generated-content/,,,TRUE,
dm-r-tackling-multiple-tasks-with-a-single-visual-language-model,deepmind,research,Tackling Multiple Tasks With A Single Visual Language Model,https://deepmind.google/discover/blog/tackling-multiple-tasks-with-a-single-visual-language-model/,,,TRUE,
dm-r-tacticai-ai-assistant-for-football-tactics,deepmind,research,Tacticai Ai Assistant For Football Tactics,https://deepmind.google/discover/blog/tacticai-ai-assistant-for-football-tactics/,,,TRUE,
dm-r-taking-a-responsible-path-to-agi,deepmind,research,Taking A Responsible Path To Agi,https://deepmind.google/discover/blog/taking-a-responsible-path-to-agi/,,,TRUE,
dm-r-targeting-early-onset-parkinsons-with-ai,deepmind,research,Targeting Early Onset Parkinsons With Ai,https://deepmind.google/discover/blog/targeting-early-onset-parkinsons-with-ai/,,,TRUE,
dm-r-tf-replicator-distributed-machine-learning-for-researchers,deepmind,research,Tf Replicator Distributed Machine Learning For Researchers,https://deepmind.google/discover/blog/tf-replicator-distributed-machine-learning-for-researchers/,,,TRUE,
dm-r-the-ethics-of-advanced-ai-assistants,deepmind,research,The Ethics Of Advanced Ai Assistants,https://deepmind.google/discover/blog/the-ethics-of-advanced-ai-assistants/,,,TRUE,
dm-r-the-hippocampus-as-a-predictive-map,deepmind,research,The Hippocampus As A Predictive Map,https://deepmind.google/discover/blog/the-hippocampus-as-a-predictive-map/,,,TRUE,
dm-r-the-information-commissioner-the-royal-free-and-what-weve-learned,deepmind,research,The Information Commissioner The Royal Free And What Weve Learned,https://deepmind.google/discover/blog/the-information-commissioner-the-royal-free-and-what-weve-learned/,,,TRUE,
dm-r-the-podcast-episode-1-ai-and-neuroscience-the-virtuous-circle,deepmind,research,The Podcast Episode 1 Ai And Neuroscience The Virtuous Circle,https://deepmind.google/discover/blog/the-podcast-episode-1-ai-and-neuroscience-the-virtuous-circle/,,,TRUE,
dm-r-the-podcast-episode-2-go-to-zero,deepmind,research,The Podcast Episode 2 Go To Zero,https://deepmind.google/discover/blog/the-podcast-episode-2-go-to-zero/,,,TRUE,
dm-r-the-podcast-episode-3-life-is-like-a-game,deepmind,research,The Podcast Episode 3 Life Is Like A Game,https://deepmind.google/discover/blog/the-podcast-episode-3-life-is-like-a-game/,,,TRUE,
dm-r-the-podcast-episode-4-ai-robot,deepmind,research,The Podcast Episode 4 Ai Robot,https://deepmind.google/discover/blog/the-podcast-episode-4-ai-robot/,,,TRUE,
dm-r-the-podcast-episode-5-out-of-the-lab,deepmind,research,The Podcast Episode 5 Out Of The Lab,https://deepmind.google/discover/blog/the-podcast-episode-5-out-of-the-lab/,,,TRUE,
dm-r-the-podcast-episode-6-ai-for-everyone,deepmind,research,The Podcast Episode 6 Ai For Everyone,https://deepmind.google/discover/blog/the-podcast-episode-6-ai-for-everyone/,,,TRUE,
dm-r-the-podcast-episode-7-towards-the-future,deepmind,research,The Podcast Episode 7 Towards The Future,https://deepmind.google/discover/blog/the-podcast-episode-7-towards-the-future/,,,TRUE,
dm-r-the-podcast-episode-8-demis-hassabis-the-interview,deepmind,research,The Podcast Episode 8 Demis Hassabis The Interview,https://deepmind.google/discover/blog/the-podcast-episode-8-demis-hassabis-the-interview/,,,TRUE,
dm-r-the-pursuit-of-ai-educationpast-present-and-future,deepmind,research,The Pursuit Of Ai Educationpast Present And Future,https://deepmind.google/discover/blog/the-pursuit-of-ai-educationpast-present-and-future/,,,TRUE,
dm-r-the-race-to-cure-a-billion-people-from-a-deadly-parasitic-disease,deepmind,research,The Race To Cure A Billion People From A Deadly Parasitic Disease,https://deepmind.google/discover/blog/the-race-to-cure-a-billion-people-from-a-deadly-parasitic-disease/,,,TRUE,
dm-r-the-virtuous-cycle-of-ai-research,deepmind,research,The Virtuous Cycle Of Ai Research,https://deepmind.google/discover/blog/the-virtuous-cycle-of-ai-research/,,,TRUE,
dm-r-towards-understanding-glasses-with-graph-neural-networks,deepmind,research,Towards Understanding Glasses With Graph Neural Networks,https://deepmind.google/discover/blog/towards-understanding-glasses-with-graph-neural-networks/,,,TRUE,
dm-r-tracing-the-evolution-of-proteins-back-to-the-origin-of-life,deepmind,research,Tracing The Evolution Of Proteins Back To The Origin Of Life,https://deepmind.google/discover/blog/tracing-the-evolution-of-proteins-back-to-the-origin-of-life/,,,TRUE,
dm-r-traffic-prediction-with-advanced-graph-neural-networks,deepmind,research,Traffic Prediction With Advanced Graph Neural Networks,https://deepmind.google/discover/blog/traffic-prediction-with-advanced-graph-neural-networks/,,,TRUE,
dm-r-transforming-the-future-of-music-creation,deepmind,research,Transforming The Future Of Music Creation,https://deepmind.google/discover/blog/transforming-the-future-of-music-creation/,,,TRUE,
dm-r-trust-confidence-and-verifiable-data-audit,deepmind,research,Trust Confidence And Verifiable Data Audit,https://deepmind.google/discover/blog/trust-confidence-and-verifiable-data-audit/,,,TRUE,
dm-r-understanding-agent-cooperation,deepmind,research,Understanding Agent Cooperation,https://deepmind.google/discover/blog/understanding-agent-cooperation/,,,TRUE,
dm-r-understanding-deep-learning-through-neuron-deletion,deepmind,research,Understanding Deep Learning Through Neuron Deletion,https://deepmind.google/discover/blog/understanding-deep-learning-through-neuron-deletion/,,,TRUE,
dm-r-understanding-the-faulty-proteins-linked-to-cancer-and-autism,deepmind,research,Understanding The Faulty Proteins Linked To Cancer And Autism,https://deepmind.google/discover/blog/understanding-the-faulty-proteins-linked-to-cancer-and-autism/,,,TRUE,
dm-r-unlocking-high-accuracy-differentially-private-image-classification-through-scale,deepmind,research,Unlocking High Accuracy Differentially Private Image Classification Through Scale,https://deepmind.google/discover/blog/unlocking-high-accuracy-differentially-private-image-classification-through-scale/,,,TRUE,
dm-r-unsupervised-deep-learning-identifies-semantic-disentanglement-in-single-inferotemporal-face-patch-neurons,deepmind,research,Unsupervised Deep Learning Identifies Semantic Disentanglement In Single Inferotemporal Face Patch Neurons,https://deepmind.google/discover/blog/unsupervised-deep-learning-identifies-semantic-disentanglement-in-single-inferotemporal-face-patch-neurons/,,,TRUE,
dm-r-unsupervised-learning-the-curious-pupil,deepmind,research,Unsupervised Learning The Curious Pupil,https://deepmind.google/discover/blog/unsupervised-learning-the-curious-pupil/,,,TRUE,
dm-r-updating-the-frontier-safety-framework,deepmind,research,Updating The Frontier Safety Framework,https://deepmind.google/discover/blog/updating-the-frontier-safety-framework/,,,TRUE,
dm-r-using-ai-to-fight-climate-change,deepmind,research,Using Ai To Fight Climate Change,https://deepmind.google/discover/blog/using-ai-to-fight-climate-change/,,,TRUE,
dm-r-using-ai-to-give-doctors-a-48-hour-head-start-on-life-threatening-illness,deepmind,research,Using Ai To Give Doctors A 48 Hour Head Start On Life Threatening Illness,https://deepmind.google/discover/blog/using-ai-to-give-doctors-a-48-hour-head-start-on-life-threatening-illness/,,,TRUE,
dm-r-using-ai-to-perceive-the-universe-in-greater-depth,deepmind,research,Using Ai To Perceive The Universe In Greater Depth,https://deepmind.google/discover/blog/using-ai-to-perceive-the-universe-in-greater-depth/,,,TRUE,
dm-r-using-ai-to-plan-head-and-neck-cancer-treatments,deepmind,research,Using Ai To Plan Head And Neck Cancer Treatments,https://deepmind.google/discover/blog/using-ai-to-plan-head-and-neck-cancer-treatments/,,,TRUE,
dm-r-using-ai-to-predict-retinal-disease-progression,deepmind,research,Using Ai To Predict Retinal Disease Progression,https://deepmind.google/discover/blog/using-ai-to-predict-retinal-disease-progression/,,,TRUE,
dm-r-using-jax-to-accelerate-our-research,deepmind,research,Using Jax To Accelerate Our Research,https://deepmind.google/discover/blog/using-jax-to-accelerate-our-research/,,,TRUE,
dm-r-using-machine-learning-to-accelerate-ecological-research,deepmind,research,Using Machine Learning To Accelerate Ecological Research,https://deepmind.google/discover/blog/using-machine-learning-to-accelerate-ecological-research/,,,TRUE,
dm-r-using-unity-to-help-solve-intelligence,deepmind,research,Using Unity To Help Solve Intelligence,https://deepmind.google/discover/blog/using-unity-to-help-solve-intelligence/,,,TRUE,
dm-r-using-wavenet-technology-to-reunite-speech-impaired-users-with-their-original-voices,deepmind,research,Using Wavenet Technology To Reunite Speech Impaired Users With Their Original Voices,https://deepmind.google/discover/blog/using-wavenet-technology-to-reunite-speech-impaired-users-with-their-original-voices/,,,TRUE,
dm-r-visual-grounding-in-video-for-unsupervised-word-translation,deepmind,research,Visual Grounding In Video For Unsupervised Word Translation,https://deepmind.google/discover/blog/visual-grounding-in-video-for-unsupervised-word-translation/,,,TRUE,
dm-r-watermarking-ai-generated-text-and-video-with-synthid,deepmind,research,Watermarking Ai Generated Text And Video With Synthid,https://deepmind.google/discover/blog/watermarking-ai-generated-text-and-video-with-synthid/,,,TRUE,
dm-r-wavenet-a-generative-model-for-raw-audio,deepmind,research,Wavenet A Generative Model For Raw Audio,https://deepmind.google/discover/blog/wavenet-a-generative-model-for-raw-audio/,,,TRUE,
dm-r-wavenet-launches-in-the-google-assistant,deepmind,research,Wavenet Launches In The Google Assistant,https://deepmind.google/discover/blog/wavenet-launches-in-the-google-assistant/,,,TRUE,
dm-r-we-are-very-excited-to-announce-the-launch-of-deepmind-health,deepmind,research,We Are Very Excited To Announce The Launch Of Deepmind Health,https://deepmind.google/discover/blog/we-are-very-excited-to-announce-the-launch-of-deepmind-health/,,,TRUE,
dm-r-weather-lab-cyclone-predictions-with-ai,deepmind,research,Weather Lab Cyclone Predictions With Ai,https://deepmind.google/discover/blog/weather-lab-cyclone-predictions-with-ai/,,,TRUE,
dm-r-welcome-to-the-deepmind-podcast,deepmind,research,Welcome To The Deepmind Podcast,https://deepmind.google/discover/blog/welcome-to-the-deepmind-podcast/,,,TRUE,
dm-r-when-a-passion-for-bass-and-brass-help-build-better-tools,deepmind,research,When A Passion For Bass And Brass Help Build Better Tools,https://deepmind.google/discover/blog/when-a-passion-for-bass-and-brass-help-build-better-tools/,,,TRUE,
dm-r-why-doesnt-streams-use-ai,deepmind,research,Why Doesnt Streams Use Ai,https://deepmind.google/discover/blog/why-doesnt-streams-use-ai/,,,TRUE,
dm-r-why-we-launched-deepmind-ethics-society,deepmind,research,Why We Launched Deepmind Ethics Society,https://deepmind.google/discover/blog/why-we-launched-deepmind-ethics-society/,,,TRUE,
dm-r-working-with-the-nhs-to-build-lifesaving-technology,deepmind,research,Working With The Nhs To Build Lifesaving Technology,https://deepmind.google/discover/blog/working-with-the-nhs-to-build-lifesaving-technology/,,,TRUE,
dm-r-youtube-enhancing-the-user-experience,deepmind,research,Youtube Enhancing The User Experience,https://deepmind.google/discover/blog/youtube-enhancing-the-user-experience/,,,TRUE,
